edm_id,member_id,name
61423,1397,Hywel Williams
61423,1440,Pete Wishart
61423,178,John McDonnell
61423,3943,Jonathan Edwards
61423,3973,Grahame Morris
61423,4371,Brendan O'Hara
61423,4374,Martin Docherty-Hughes
61423,4385,Dr Philippa Whitford
61423,4390,Ian Blackford
61423,4403,Chris Law
61423,4415,John Nicolson
61423,4417,Deidre Brock
61423,4419,Joanna Cherry
61423,4420,Gavin Newlands
61423,4430,Alison Thewliss
61423,4432,Patrick Grady
61423,4435,Patricia Gibson
61423,4437,Anne McLaughlin
61423,4443,Carol Monaghan
61423,4453,Tommy Sheppard
61423,4463,Chris Stephens
61423,4465,Ronnie Cowan
61423,4466,Peter Grant
61423,4467,Drew Hendry
61423,4470,Alan Brown
61423,4482,Owen Thompson
61423,4486,Hannah Bardell
61423,4488,Martyn Day
61423,4521,Liz Saville Roberts
61423,4630,Ben Lake
61423,4640,David Linden
61423,4736,Dave Doogan
61423,4740,Allan Dorans
61423,4770,Amy Callaghan
61423,4796,Richard Thomson
61423,4856,Stephen Farry
61423,4917,Ms Anum Qaisar
61430,104,Crispin Blunt
61430,117,Sir Peter Bottomley
61430,1171,Liam Byrne
61430,1392,Mr Khalid Mahmood
61430,1397,Hywel Williams
61430,1406,Jon Cruddas
61430,1440,Pete Wishart
61430,146,Barry Gardiner
61430,1489,Dawn Butler
61430,1546,Angus Brendan MacNeil
61430,155,Geraint Davies
61430,163,Sir Stephen Timms
61430,172,Ms Diane Abbott
61430,178,John McDonnell
61430,185,Jeremy Corbyn
61430,3930,Caroline Lucas
61430,394,Mr Clive Betts
61430,3943,Jonathan Edwards
61430,3973,Grahame Morris
61430,4000,Ian Mearns
61430,4030,Karl Turner
61430,410,Jon Trickett
61430,4139,Ian Lavery
61430,4212,Debbie Abrahams
61430,4269,Andy McDonald
61430,4363,Kate Hollern
61430,4371,Brendan O'Hara
61430,4374,Martin Docherty-Hughes
61430,4385,Dr Philippa Whitford
61430,4390,Ian Blackford
61430,4393,Stuart C McDonald
61430,4394,Imran Hussain
61430,4396,Rebecca Long Bailey
61430,4402,Douglas Chapman
61430,4403,Chris Law
61430,4415,John Nicolson
61430,4417,Deidre Brock
61430,4419,Joanna Cherry
61430,4420,Gavin Newlands
61430,4430,Alison Thewliss
61430,4432,Patrick Grady
61430,4435,Patricia Gibson
61430,4436,Cat Smith
61430,4437,Anne McLaughlin
61430,4440,Marion Fellows
61430,4443,Carol Monaghan
61430,4453,Tommy Sheppard
61430,4461,Stewart Malcolm McDonald
61430,4463,Chris Stephens
61430,4465,Ronnie Cowan
61430,4466,Peter Grant
61430,4467,Drew Hendry
61430,4469,Angela Crawley
61430,4470,Alan Brown
61430,4471,Rachael Maskell
61430,4482,Owen Thompson
61430,4486,Hannah Bardell
61430,4488,Martyn Day
61430,4493,Richard Burgon
61430,450,Tony Lloyd
61430,4500,Clive Lewis
61430,4515,Kate Osamor
61430,4521,Liz Saville Roberts
61430,4525,Christina Rees
61430,4598,Mohammad Yasin
61430,4615,Lloyd Russell-Moyle
61430,4630,Ben Lake
61430,4640,David Linden
61430,4676,Marsha De Cordova
61430,4735,Stephen Flynn
61430,4736,Dave Doogan
61430,4738,Alyn Smith
61430,4740,Allan Dorans
61430,4747,Tahir Ali
61430,4748,Steven Bonnar
61430,4755,Mick Whitley
61430,4764,Bell Ribeiro-Addy
61430,4770,Amy Callaghan
61430,4772,Kenny MacAskill
61430,4782,Neale Hanvey
61430,4783,Kate Osborne
61430,4786,Zarah Sultana
61430,4790,Apsana Begum
61430,4796,Richard Thomson
61430,4809,Beth Winter
61430,4824,Kim Johnson
61430,4827,Claire Hanna
61430,4829,Sam Tarry
61430,4831,Ian Byrne
61430,4846,Colum Eastwood
61430,4848,Claudia Webbe
61430,4856,Stephen Farry
61430,4864,Olivia Blake
61430,4869,Nadia Whittome
61430,4917,Ms Anum Qaisar
61466,1442,Mr Alistair Carmichael
61466,188,Ed Davey
61466,4430,Alison Thewliss
61466,4440,Marion Fellows
61466,4591,Sarah Olney
61466,4602,Wera Hobhouse
61466,4612,Jamie Stone
61466,4634,Christine Jardine
61466,4656,Layla Moran
61466,4748,Steven Bonnar
61466,4765,Wendy Chamberlain
61466,4769,Daisy Cooper
61466,4776,Munira Wilson
61466,4856,Stephen Farry
61466,4918,Sarah Green
61466,4934,Helen Morgan
61466,4942,Richard Foord
61466,4995,Sarah Dyke
61468,104,Crispin Blunt
61468,117,Sir Peter Bottomley
61468,1171,Liam Byrne
61468,1392,Mr Khalid Mahmood
61468,1397,Hywel Williams
61468,1406,Jon Cruddas
61468,1440,Pete Wishart
61468,146,Barry Gardiner
61468,1489,Dawn Butler
61468,1514,Stewart Hosie
61468,1516,Andy Slaughter
61468,1546,Angus Brendan MacNeil
61468,155,Geraint Davies
61468,163,Sir Stephen Timms
61468,172,Ms Diane Abbott
61468,178,John McDonnell
61468,185,Jeremy Corbyn
61468,3930,Caroline Lucas
61468,394,Mr Clive Betts
61468,3943,Jonathan Edwards
61468,3973,Grahame Morris
61468,4000,Ian Mearns
61468,4058,Paul Blomfield
61468,4076,Valerie Vaz
61468,410,Jon Trickett
61468,4139,Ian Lavery
61468,4212,Debbie Abrahams
61468,4269,Andy McDonald
61468,4277,Mrs Emma Lewell-Buck
61468,4357,Kirsty Blackman
61468,4363,Kate Hollern
61468,4370,Jess Phillips
61468,4371,Brendan O'Hara
61468,4374,Martin Docherty-Hughes
61468,4385,Dr Philippa Whitford
61468,4390,Ian Blackford
61468,4393,Stuart C McDonald
61468,4394,Imran Hussain
61468,4396,Rebecca Long Bailey
61468,4400,Margaret Greenwood
61468,4402,Douglas Chapman
61468,4403,Chris Law
61468,4413,Kirsten Oswald
61468,4415,John Nicolson
61468,4417,Deidre Brock
61468,4419,Joanna Cherry
61468,4420,Gavin Newlands
61468,4424,John McNally
61468,4430,Alison Thewliss
61468,4432,Patrick Grady
61468,4435,Patricia Gibson
61468,4436,Cat Smith
61468,4437,Anne McLaughlin
61468,4440,Marion Fellows
61468,4443,Carol Monaghan
61468,4453,Tommy Sheppard
61468,4461,Stewart Malcolm McDonald
61468,4463,Chris Stephens
61468,4465,Ronnie Cowan
61468,4466,Peter Grant
61468,4467,Drew Hendry
61468,4469,Angela Crawley
61468,4470,Alan Brown
61468,4471,Rachael Maskell
61468,4482,Owen Thompson
61468,4486,Hannah Bardell
61468,4488,Martyn Day
61468,4493,Richard Burgon
61468,4500,Clive Lewis
61468,4515,Kate Osamor
61468,4521,Liz Saville Roberts
61468,4525,Christina Rees
61468,4598,Mohammad Yasin
61468,4615,Lloyd Russell-Moyle
61468,4630,Ben Lake
61468,4640,David Linden
61468,4651,Dan Carden
61468,4671,Afzal Khan
61468,4676,Marsha De Cordova
61468,4735,Stephen Flynn
61468,4736,Dave Doogan
61468,4738,Alyn Smith
61468,4740,Allan Dorans
61468,4747,Tahir Ali
61468,4748,Steven Bonnar
61468,4755,Mick Whitley
61468,4764,Bell Ribeiro-Addy
61468,4770,Amy Callaghan
61468,4772,Kenny MacAskill
61468,4782,Neale Hanvey
61468,4783,Kate Osborne
61468,4786,Zarah Sultana
61468,4790,Apsana Begum
61468,4796,Richard Thomson
61468,4809,Beth Winter
61468,4824,Kim Johnson
61468,4827,Claire Hanna
61468,4829,Sam Tarry
61468,4831,Ian Byrne
61468,4846,Colum Eastwood
61468,4848,Claudia Webbe
61468,4856,Stephen Farry
61468,4864,Olivia Blake
61468,4869,Nadia Whittome
61468,4917,Ms Anum Qaisar
61505,117,Sir Peter Bottomley
61505,1397,Hywel Williams
61505,1591,Tim Farron
61505,3930,Caroline Lucas
61505,3973,Grahame Morris
61505,4131,Jim Shannon
61505,4417,Deidre Brock
61505,4430,Alison Thewliss
61505,4461,Stewart Malcolm McDonald
61505,4463,Chris Stephens
61505,4471,Rachael Maskell
61505,4521,Liz Saville Roberts
61505,4602,Wera Hobhouse
61505,4612,Jamie Stone
61505,4630,Ben Lake
61505,4634,Christine Jardine
61505,4640,David Linden
61505,4747,Tahir Ali
61505,4753,Mary Kelly Foy
61505,4765,Wendy Chamberlain
61505,4776,Munira Wilson
61505,4783,Kate Osborne
61505,4848,Claudia Webbe
61505,4942,Richard Foord
61505,4995,Sarah Dyke
61505,609,George Galloway
61526,1591,Tim Farron
61526,188,Ed Davey
61526,3930,Caroline Lucas
61526,4385,Dr Philippa Whitford
61526,4430,Alison Thewliss
61526,4591,Sarah Olney
61526,4602,Wera Hobhouse
61526,4612,Jamie Stone
61526,4634,Christine Jardine
61526,4656,Layla Moran
61526,4765,Wendy Chamberlain
61526,4769,Daisy Cooper
61526,4776,Munira Wilson
61526,4827,Claire Hanna
61526,4918,Sarah Green
61526,4934,Helen Morgan
61526,4942,Richard Foord
61526,4995,Sarah Dyke
61630,1397,Hywel Williams
61630,178,John McDonnell
61630,185,Jeremy Corbyn
61630,3930,Caroline Lucas
61630,3943,Jonathan Edwards
61630,4385,Dr Philippa Whitford
61630,4430,Alison Thewliss
61630,4432,Patrick Grady
61630,4463,Chris Stephens
61630,4471,Rachael Maskell
61630,4521,Liz Saville Roberts
61630,4630,Ben Lake
61630,4740,Allan Dorans
61630,4753,Mary Kelly Foy
61630,4790,Apsana Begum
61630,4827,Claire Hanna
61630,4846,Colum Eastwood
61630,4848,Claudia Webbe
61630,609,George Galloway
61654,1397,Hywel Williams
61654,1406,Jon Cruddas
61654,1440,Pete Wishart
61654,146,Barry Gardiner
61654,1489,Dawn Butler
61654,1514,Stewart Hosie
61654,1516,Andy Slaughter
61654,1546,Angus Brendan MacNeil
61654,155,Geraint Davies
61654,163,Sir Stephen Timms
61654,165,Clive Efford
61654,172,Ms Diane Abbott
61654,178,John McDonnell
61654,185,Jeremy Corbyn
61654,3930,Caroline Lucas
61654,394,Mr Clive Betts
61654,3943,Jonathan Edwards
61654,4000,Ian Mearns
61654,4076,Valerie Vaz
61654,410,Jon Trickett
61654,4139,Ian Lavery
61654,4357,Kirsty Blackman
61654,4363,Kate Hollern
61654,4371,Brendan O'Hara
61654,4374,Martin Docherty-Hughes
61654,4385,Dr Philippa Whitford
61654,4393,Stuart C McDonald
61654,4394,Imran Hussain
61654,4400,Margaret Greenwood
61654,4403,Chris Law
61654,4413,Kirsten Oswald
61654,4415,John Nicolson
61654,4417,Deidre Brock
61654,4419,Joanna Cherry
61654,4420,Gavin Newlands
61654,4430,Alison Thewliss
61654,4432,Patrick Grady
61654,4435,Patricia Gibson
61654,4436,Cat Smith
61654,4437,Anne McLaughlin
61654,4440,Marion Fellows
61654,4443,Carol Monaghan
61654,4453,Tommy Sheppard
61654,4461,Stewart Malcolm McDonald
61654,4463,Chris Stephens
61654,4465,Ronnie Cowan
61654,4466,Peter Grant
61654,4467,Drew Hendry
61654,4469,Angela Crawley
61654,4470,Alan Brown
61654,4471,Rachael Maskell
61654,4482,Owen Thompson
61654,4486,Hannah Bardell
61654,4488,Martyn Day
61654,4493,Richard Burgon
61654,4500,Clive Lewis
61654,4515,Kate Osamor
61654,4521,Liz Saville Roberts
61654,4598,Mohammad Yasin
61654,4615,Lloyd Russell-Moyle
61654,4630,Ben Lake
61654,4651,Dan Carden
61654,4671,Afzal Khan
61654,4735,Stephen Flynn
61654,4736,Dave Doogan
61654,4738,Alyn Smith
61654,4740,Allan Dorans
61654,4747,Tahir Ali
61654,4748,Steven Bonnar
61654,4753,Mary Kelly Foy
61654,4755,Mick Whitley
61654,4764,Bell Ribeiro-Addy
61654,4770,Amy Callaghan
61654,4772,Kenny MacAskill
61654,4783,Kate Osborne
61654,4786,Zarah Sultana
61654,4790,Apsana Begum
61654,4796,Richard Thomson
61654,4809,Beth Winter
61654,4824,Kim Johnson
61654,4827,Claire Hanna
61654,4829,Sam Tarry
61654,4831,Ian Byrne
61654,4846,Colum Eastwood
61654,4848,Claudia Webbe
61654,4856,Stephen Farry
61654,4864,Olivia Blake
61654,4869,Nadia Whittome
61654,4917,Ms Anum Qaisar
61654,5001,Sarah Edwards
61661,1397,Hywel Williams
61661,185,Jeremy Corbyn
61661,3943,Jonathan Edwards
61661,4385,Dr Philippa Whitford
61661,4430,Alison Thewliss
61661,4463,Chris Stephens
61661,4471,Rachael Maskell
61661,4521,Liz Saville Roberts
61661,4630,Ben Lake
61661,4846,Colum Eastwood
61661,4856,Stephen Farry
61714,1397,Hywel Williams
61714,1546,Angus Brendan MacNeil
61714,155,Geraint Davies
61714,172,Ms Diane Abbott
61714,178,John McDonnell
61714,185,Jeremy Corbyn
61714,3930,Caroline Lucas
61714,3943,Jonathan Edwards
61714,3973,Grahame Morris
61714,4363,Kate Hollern
61714,4385,Dr Philippa Whitford
61714,4393,Stuart C McDonald
61714,4415,John Nicolson
61714,4417,Deidre Brock
61714,4419,Joanna Cherry
61714,4430,Alison Thewliss
61714,4437,Anne McLaughlin
61714,4453,Tommy Sheppard
61714,4465,Ronnie Cowan
61714,4466,Peter Grant
61714,4469,Angela Crawley
61714,4471,Rachael Maskell
61714,4488,Martyn Day
61714,4521,Liz Saville Roberts
61714,4615,Lloyd Russell-Moyle
61714,4630,Ben Lake
61714,4671,Afzal Khan
61714,4676,Marsha De Cordova
61714,4738,Alyn Smith
61714,4740,Allan Dorans
61714,4747,Tahir Ali
61714,4755,Mick Whitley
61714,4764,Bell Ribeiro-Addy
61714,4786,Zarah Sultana
61714,4790,Apsana Begum
61714,4809,Beth Winter
61714,4824,Kim Johnson
61714,4827,Claire Hanna
61714,4829,Sam Tarry
61714,4831,Ian Byrne
61714,4846,Colum Eastwood
61714,4848,Claudia Webbe
61714,4856,Stephen Farry
61714,4869,Nadia Whittome
61735,1397,Hywel Williams
61735,1406,Jon Cruddas
61735,1514,Stewart Hosie
61735,1516,Andy Slaughter
61735,1546,Angus Brendan MacNeil
61735,172,Ms Diane Abbott
61735,178,John McDonnell
61735,185,Jeremy Corbyn
61735,3930,Caroline Lucas
61735,394,Mr Clive Betts
61735,3943,Jonathan Edwards
61735,4139,Ian Lavery
61735,4363,Kate Hollern
61735,4385,Dr Philippa Whitford
61735,4394,Imran Hussain
61735,4403,Chris Law
61735,4413,Kirsten Oswald
61735,4417,Deidre Brock
61735,4430,Alison Thewliss
61735,4432,Patrick Grady
61735,4436,Cat Smith
61735,4443,Carol Monaghan
61735,4453,Tommy Sheppard
61735,4463,Chris Stephens
61735,4471,Rachael Maskell
61735,4493,Richard Burgon
61735,4515,Kate Osamor
61735,4521,Liz Saville Roberts
61735,4591,Sarah Olney
61735,4602,Wera Hobhouse
61735,4615,Lloyd Russell-Moyle
61735,4630,Ben Lake
61735,4740,Allan Dorans
61735,4747,Tahir Ali
61735,4753,Mary Kelly Foy
61735,4755,Mick Whitley
61735,4764,Bell Ribeiro-Addy
61735,4769,Daisy Cooper
61735,4772,Kenny MacAskill
61735,4783,Kate Osborne
61735,4786,Zarah Sultana
61735,4790,Apsana Begum
61735,4796,Richard Thomson
61735,4809,Beth Winter
61735,4824,Kim Johnson
61735,4827,Claire Hanna
61735,4831,Ian Byrne
61735,4846,Colum Eastwood
61735,4848,Claudia Webbe
61735,4856,Stephen Farry
61735,4869,Nadia Whittome
61736,1397,Hywel Williams
61736,172,Ms Diane Abbott
61736,178,John McDonnell
61736,3930,Caroline Lucas
61736,3973,Grahame Morris
61736,410,Jon Trickett
61736,4139,Ian Lavery
61736,4385,Dr Philippa Whitford
61736,4403,Chris Law
61736,4430,Alison Thewliss
61736,4453,Tommy Sheppard
61736,4463,Chris Stephens
61736,4471,Rachael Maskell
61736,4493,Richard Burgon
61736,4521,Liz Saville Roberts
61736,4630,Ben Lake
61736,4747,Tahir Ali
61736,4753,Mary Kelly Foy
61736,4755,Mick Whitley
61736,4764,Bell Ribeiro-Addy
61736,4772,Kenny MacAskill
61736,4783,Kate Osborne
61736,4790,Apsana Begum
61736,4796,Richard Thomson
61736,4809,Beth Winter
61736,4824,Kim Johnson
61736,4827,Claire Hanna
61736,4831,Ian Byrne
61736,4846,Colum Eastwood
61736,4848,Claudia Webbe
61736,4864,Olivia Blake
61736,4869,Nadia Whittome
61746,4432,Patrick Grady
61746,4461,Stewart Malcolm McDonald
61746,4471,Rachael Maskell
61746,4591,Sarah Olney
61746,4602,Wera Hobhouse
61746,4765,Wendy Chamberlain
61746,4769,Daisy Cooper
61746,4776,Munira Wilson
61746,4856,Stephen Farry
61746,4934,Helen Morgan
61746,4942,Richard Foord
61746,4995,Sarah Dyke
61749,1546,Angus Brendan MacNeil
61749,178,John McDonnell
61749,4385,Dr Philippa Whitford
61749,4772,Kenny MacAskill
61749,4782,Neale Hanvey
61749,609,George Galloway
61755,1397,Hywel Williams
61755,172,Ms Diane Abbott
61755,178,John McDonnell
61755,185,Jeremy Corbyn
61755,3930,Caroline Lucas
61755,3943,Jonathan Edwards
61755,4385,Dr Philippa Whitford
61755,4394,Imran Hussain
61755,4430,Alison Thewliss
61755,4463,Chris Stephens
61755,4470,Alan Brown
61755,4471,Rachael Maskell
61755,4493,Richard Burgon
61755,4521,Liz Saville Roberts
61755,4598,Mohammad Yasin
61755,4615,Lloyd Russell-Moyle
61755,4630,Ben Lake
61755,4753,Mary Kelly Foy
61755,4786,Zarah Sultana
61755,4790,Apsana Begum
61755,4827,Claire Hanna
61755,4846,Colum Eastwood
61755,4848,Claudia Webbe
61755,4856,Stephen Farry
61769,1397,Hywel Williams
61769,1440,Pete Wishart
61769,1514,Stewart Hosie
61769,1516,Andy Slaughter
61769,165,Clive Efford
61769,178,John McDonnell
61769,185,Jeremy Corbyn
61769,3930,Caroline Lucas
61769,394,Mr Clive Betts
61769,3943,Jonathan Edwards
61769,3973,Grahame Morris
61769,410,Jon Trickett
61769,4139,Ian Lavery
61769,4269,Andy McDonald
61769,4363,Kate Hollern
61769,4385,Dr Philippa Whitford
61769,4403,Chris Law
61769,4417,Deidre Brock
61769,4419,Joanna Cherry
61769,4420,Gavin Newlands
61769,4430,Alison Thewliss
61769,4432,Patrick Grady
61769,4437,Anne McLaughlin
61769,4443,Carol Monaghan
61769,4453,Tommy Sheppard
61769,4463,Chris Stephens
61769,4465,Ronnie Cowan
61769,4466,Peter Grant
61769,4467,Drew Hendry
61769,4471,Rachael Maskell
61769,4488,Martyn Day
61769,4493,Richard Burgon
61769,4515,Kate Osamor
61769,4521,Liz Saville Roberts
61769,4630,Ben Lake
61769,4651,Dan Carden
61769,4671,Afzal Khan
61769,4676,Marsha De Cordova
61769,4738,Alyn Smith
61769,4747,Tahir Ali
61769,4753,Mary Kelly Foy
61769,4755,Mick Whitley
61769,4764,Bell Ribeiro-Addy
61769,4772,Kenny MacAskill
61769,4783,Kate Osborne
61769,4786,Zarah Sultana
61769,4790,Apsana Begum
61769,4796,Richard Thomson
61769,4809,Beth Winter
61769,4824,Kim Johnson
61769,4827,Claire Hanna
61769,4831,Ian Byrne
61769,4846,Colum Eastwood
61769,4848,Claudia Webbe
61769,4856,Stephen Farry
61769,4864,Olivia Blake
61769,4869,Nadia Whittome
61771,1397,Hywel Williams
61771,1514,Stewart Hosie
61771,172,Ms Diane Abbott
61771,178,John McDonnell
61771,185,Jeremy Corbyn
61771,3930,Caroline Lucas
61771,3943,Jonathan Edwards
61771,410,Jon Trickett
61771,4139,Ian Lavery
61771,4385,Dr Philippa Whitford
61771,4419,Joanna Cherry
61771,4430,Alison Thewliss
61771,4432,Patrick Grady
61771,4436,Cat Smith
61771,4437,Anne McLaughlin
61771,4463,Chris Stephens
61771,4471,Rachael Maskell
61771,4493,Richard Burgon
61771,4521,Liz Saville Roberts
61771,4591,Sarah Olney
61771,4598,Mohammad Yasin
61771,4630,Ben Lake
61771,4651,Dan Carden
61771,4676,Marsha De Cordova
61771,4747,Tahir Ali
61771,4753,Mary Kelly Foy
61771,4765,Wendy Chamberlain
61771,4776,Munira Wilson
61771,4783,Kate Osborne
61771,4786,Zarah Sultana
61771,4790,Apsana Begum
61771,4824,Kim Johnson
61771,4827,Claire Hanna
61771,4831,Ian Byrne
61771,4846,Colum Eastwood
61771,4848,Claudia Webbe
61771,4856,Stephen Farry
61771,4869,Nadia Whittome
61771,609,George Galloway
61800,104,Crispin Blunt
61800,1397,Hywel Williams
61800,178,John McDonnell
61800,185,Jeremy Corbyn
61800,3943,Jonathan Edwards
61800,4453,Tommy Sheppard
61800,4463,Chris Stephens
61800,4790,Apsana Begum
61800,4848,Claudia Webbe
61804,1397,Hywel Williams
61804,1440,Pete Wishart
61804,1514,Stewart Hosie
61804,172,Ms Diane Abbott
61804,178,John McDonnell
61804,185,Jeremy Corbyn
61804,3930,Caroline Lucas
61804,4385,Dr Philippa Whitford
61804,4402,Douglas Chapman
61804,4403,Chris Law
61804,4417,Deidre Brock
61804,4419,Joanna Cherry
61804,4430,Alison Thewliss
61804,4432,Patrick Grady
61804,4437,Anne McLaughlin
61804,4453,Tommy Sheppard
61804,4463,Chris Stephens
61804,4465,Ronnie Cowan
61804,4466,Peter Grant
61804,4467,Drew Hendry
61804,4469,Angela Crawley
61804,4486,Hannah Bardell
61804,4488,Martyn Day
61804,4500,Clive Lewis
61804,4521,Liz Saville Roberts
61804,4630,Ben Lake
61804,4676,Marsha De Cordova
61804,4740,Allan Dorans
61804,4764,Bell Ribeiro-Addy
61804,4770,Amy Callaghan
61804,4796,Richard Thomson
61804,4824,Kim Johnson
61804,4829,Sam Tarry
61804,4831,Ian Byrne
61804,4848,Claudia Webbe
61804,4856,Stephen Farry
61804,4869,Nadia Whittome
61810,104,Crispin Blunt
61810,1397,Hywel Williams
61810,1442,Mr Alistair Carmichael
61810,178,John McDonnell
61810,185,Jeremy Corbyn
61810,3930,Caroline Lucas
61810,410,Jon Trickett
61810,4374,Martin Docherty-Hughes
61810,4385,Dr Philippa Whitford
61810,4403,Chris Law
61810,4417,Deidre Brock
61810,4430,Alison Thewliss
61810,4463,Chris Stephens
61810,4471,Rachael Maskell
61810,4521,Liz Saville Roberts
61810,4630,Ben Lake
61810,4656,Layla Moran
61810,4740,Allan Dorans
61810,4764,Bell Ribeiro-Addy
61810,4827,Claire Hanna
61810,4848,Claudia Webbe
61810,4856,Stephen Farry
61815,1397,Hywel Williams
61815,172,Ms Diane Abbott
61815,178,John McDonnell
61815,185,Jeremy Corbyn
61815,3930,Caroline Lucas
61815,3973,Grahame Morris
61815,4000,Ian Mearns
61815,410,Jon Trickett
61815,4139,Ian Lavery
61815,4363,Kate Hollern
61815,4385,Dr Philippa Whitford
61815,4394,Imran Hussain
61815,4400,Margaret Greenwood
61815,4432,Patrick Grady
61815,4443,Carol Monaghan
61815,4463,Chris Stephens
61815,4471,Rachael Maskell
61815,4493,Richard Burgon
61815,4521,Liz Saville Roberts
61815,4630,Ben Lake
61815,4755,Mick Whitley
61815,4764,Bell Ribeiro-Addy
61815,4786,Zarah Sultana
61815,4790,Apsana Begum
61815,4809,Beth Winter
61815,4824,Kim Johnson
61815,4827,Claire Hanna
61815,4831,Ian Byrne
61815,4848,Claudia Webbe
61815,4856,Stephen Farry
61815,4869,Nadia Whittome
61833,1546,Angus Brendan MacNeil
61833,178,John McDonnell
61833,185,Jeremy Corbyn
61833,4772,Kenny MacAskill
61833,4782,Neale Hanvey
61869,1397,Hywel Williams
61869,1440,Pete Wishart
61869,1489,Dawn Butler
61869,1514,Stewart Hosie
61869,1546,Angus Brendan MacNeil
61869,155,Geraint Davies
61869,163,Sir Stephen Timms
61869,172,Ms Diane Abbott
61869,178,John McDonnell
61869,185,Jeremy Corbyn
61869,3930,Caroline Lucas
61869,394,Mr Clive Betts
61869,3943,Jonathan Edwards
61869,3973,Grahame Morris
61869,4000,Ian Mearns
61869,410,Jon Trickett
61869,4139,Ian Lavery
61869,4269,Andy McDonald
61869,4357,Kirsty Blackman
61869,4363,Kate Hollern
61869,4371,Brendan O'Hara
61869,4385,Dr Philippa Whitford
61869,4393,Stuart C McDonald
61869,4394,Imran Hussain
61869,4400,Margaret Greenwood
61869,4403,Chris Law
61869,4417,Deidre Brock
61869,4420,Gavin Newlands
61869,4430,Alison Thewliss
61869,4432,Patrick Grady
61869,4436,Cat Smith
61869,4437,Anne McLaughlin
61869,4440,Marion Fellows
61869,4443,Carol Monaghan
61869,4461,Stewart Malcolm McDonald
61869,4463,Chris Stephens
61869,4466,Peter Grant
61869,4467,Drew Hendry
61869,4469,Angela Crawley
61869,4470,Alan Brown
61869,4471,Rachael Maskell
61869,4486,Hannah Bardell
61869,4493,Richard Burgon
61869,4521,Liz Saville Roberts
61869,4598,Mohammad Yasin
61869,4615,Lloyd Russell-Moyle
61869,4630,Ben Lake
61869,4640,David Linden
61869,4651,Dan Carden
61869,4671,Afzal Khan
61869,4676,Marsha De Cordova
61869,4736,Dave Doogan
61869,4740,Allan Dorans
61869,4747,Tahir Ali
61869,4753,Mary Kelly Foy
61869,4755,Mick Whitley
61869,4764,Bell Ribeiro-Addy
61869,4770,Amy Callaghan
61869,4772,Kenny MacAskill
61869,4783,Kate Osborne
61869,4786,Zarah Sultana
61869,4790,Apsana Begum
61869,4796,Richard Thomson
61869,4809,Beth Winter
61869,4824,Kim Johnson
61869,4827,Claire Hanna
61869,4831,Ian Byrne
61869,4846,Colum Eastwood
61869,4848,Claudia Webbe
61869,4856,Stephen Farry
61869,4864,Olivia Blake
61869,4869,Nadia Whittome
61869,4917,Ms Anum Qaisar
61873,1397,Hywel Williams
61873,178,John McDonnell
61873,3930,Caroline Lucas
61873,3943,Jonathan Edwards
61873,4385,Dr Philippa Whitford
61873,4430,Alison Thewliss
61873,4432,Patrick Grady
61873,4466,Peter Grant
61873,4471,Rachael Maskell
61873,4521,Liz Saville Roberts
61873,4630,Ben Lake
61873,4824,Kim Johnson
61873,4827,Claire Hanna
61873,4846,Colum Eastwood
61873,4848,Claudia Webbe
61873,4856,Stephen Farry
62001,1397,Hywel Williams
62001,178,John McDonnell
62001,3943,Jonathan Edwards
62001,4385,Dr Philippa Whitford
62001,4403,Chris Law
62001,4430,Alison Thewliss
62001,4463,Chris Stephens
62001,4471,Rachael Maskell
62001,4486,Hannah Bardell
62001,4488,Martyn Day
62001,4521,Liz Saville Roberts
62001,4630,Ben Lake
62001,4740,Allan Dorans
62001,4748,Steven Bonnar
62001,4764,Bell Ribeiro-Addy
62001,4846,Colum Eastwood
62001,4848,Claudia Webbe
62002,1397,Hywel Williams
62002,178,John McDonnell
62002,3930,Caroline Lucas
62002,3943,Jonathan Edwards
62002,4357,Kirsty Blackman
62002,4385,Dr Philippa Whitford
62002,4403,Chris Law
62002,4417,Deidre Brock
62002,4430,Alison Thewliss
62002,4432,Patrick Grady
62002,4443,Carol Monaghan
62002,4463,Chris Stephens
62002,4469,Angela Crawley
62002,4471,Rachael Maskell
62002,4500,Clive Lewis
62002,4521,Liz Saville Roberts
62002,4630,Ben Lake
62002,4651,Dan Carden
62002,4764,Bell Ribeiro-Addy
62002,4848,Claudia Webbe
62002,609,George Galloway
62029,1397,Hywel Williams
62029,178,John McDonnell
62029,185,Jeremy Corbyn
62029,3930,Caroline Lucas
62029,3943,Jonathan Edwards
62029,3973,Grahame Morris
62029,4000,Ian Mearns
62029,410,Jon Trickett
62029,4139,Ian Lavery
62029,4269,Andy McDonald
62029,4363,Kate Hollern
62029,4385,Dr Philippa Whitford
62029,4393,Stuart C McDonald
62029,4394,Imran Hussain
62029,4403,Chris Law
62029,4417,Deidre Brock
62029,4432,Patrick Grady
62029,4436,Cat Smith
62029,4453,Tommy Sheppard
62029,4463,Chris Stephens
62029,4470,Alan Brown
62029,4471,Rachael Maskell
62029,4493,Richard Burgon
62029,4500,Clive Lewis
62029,4521,Liz Saville Roberts
62029,4630,Ben Lake
62029,4651,Dan Carden
62029,4740,Allan Dorans
62029,4748,Steven Bonnar
62029,4755,Mick Whitley
62029,4764,Bell Ribeiro-Addy
62029,4772,Kenny MacAskill
62029,4783,Kate Osborne
62029,4786,Zarah Sultana
62029,4790,Apsana Begum
62029,4796,Richard Thomson
62029,4809,Beth Winter
62029,4824,Kim Johnson
62029,4827,Claire Hanna
62029,4831,Ian Byrne
62029,4846,Colum Eastwood
62029,4848,Claudia Webbe
62029,4856,Stephen Farry
62029,4864,Olivia Blake
62029,4869,Nadia Whittome
62029,609,George Galloway
62214,1397,Hywel Williams
62214,4131,Jim Shannon
62214,4403,Chris Law
62214,4432,Patrick Grady
62214,4443,Carol Monaghan
62214,4463,Chris Stephens
62214,4488,Martyn Day
62214,4521,Liz Saville Roberts
62214,4630,Ben Lake
62214,4748,Steven Bonnar
62221,1397,Hywel Williams
62221,172,Ms Diane Abbott
62221,178,John McDonnell
62221,185,Jeremy Corbyn
62221,3930,Caroline Lucas
62221,3943,Jonathan Edwards
62221,3973,Grahame Morris
62221,410,Jon Trickett
62221,4131,Jim Shannon
62221,4139,Ian Lavery
62221,4403,Chris Law
62221,4463,Chris Stephens
62221,4471,Rachael Maskell
62221,4493,Richard Burgon
62221,4521,Liz Saville Roberts
62221,4630,Ben Lake
62221,4786,Zarah Sultana
62221,4790,Apsana Begum
62221,4824,Kim Johnson
62221,4831,Ian Byrne
62221,4848,Claudia Webbe
62233,4131,Jim Shannon
62233,4385,Dr Philippa Whitford
62233,4403,Chris Law
62233,4430,Alison Thewliss
62233,4432,Patrick Grady
62233,4437,Anne McLaughlin
62233,4443,Carol Monaghan
62233,4461,Stewart Malcolm McDonald
62233,4463,Chris Stephens
62233,4466,Peter Grant
62233,4471,Rachael Maskell
62233,4488,Martyn Day
62233,4640,David Linden
62233,4740,Allan Dorans
62233,4748,Steven Bonnar
62233,4753,Mary Kelly Foy
62244,104,Crispin Blunt
62244,117,Sir Peter Bottomley
62244,1397,Hywel Williams
62244,1521,Mrs Sharon Hodgson
62244,178,John McDonnell
62244,3930,Caroline Lucas
62244,3943,Jonathan Edwards
62244,4470,Alan Brown
62244,4471,Rachael Maskell
62244,4488,Martyn Day
62244,4521,Liz Saville Roberts
62244,4602,Wera Hobhouse
62244,4630,Ben Lake
62244,4634,Christine Jardine
62244,4856,Stephen Farry
62244,4869,Nadia Whittome
62244,4995,Sarah Dyke
62247,3943,Jonathan Edwards
62247,4385,Dr Philippa Whitford
62247,4463,Chris Stephens
62247,4488,Martyn Day
62247,609,George Galloway
62251,4463,Chris Stephens
62251,4848,Claudia Webbe
62251,609,George Galloway
62252,1397,Hywel Williams
62252,178,John McDonnell
62252,185,Jeremy Corbyn
62252,3930,Caroline Lucas
62252,3943,Jonathan Edwards
62252,3973,Grahame Morris
62252,410,Jon Trickett
62252,4139,Ian Lavery
62252,4385,Dr Philippa Whitford
62252,4394,Imran Hussain
62252,4400,Margaret Greenwood
62252,4430,Alison Thewliss
62252,4463,Chris Stephens
62252,4469,Angela Crawley
62252,4471,Rachael Maskell
62252,4493,Richard Burgon
62252,4521,Liz Saville Roberts
62252,4630,Ben Lake
62252,4753,Mary Kelly Foy
62252,4755,Mick Whitley
62252,4764,Bell Ribeiro-Addy
62252,4786,Zarah Sultana
62252,4790,Apsana Begum
62252,4809,Beth Winter
62252,4827,Claire Hanna
62252,4829,Sam Tarry
62252,4831,Ian Byrne
62252,4848,Claudia Webbe
62252,609,George Galloway
62324,1442,Mr Alistair Carmichael
62324,1591,Tim Farron
62324,178,John McDonnell
62324,185,Jeremy Corbyn
62324,227,Andrew George
62324,4471,Rachael Maskell
62324,4591,Sarah Olney
62324,4602,Wera Hobhouse
62324,4634,Christine Jardine
62324,4656,Layla Moran
62324,4765,Wendy Chamberlain
62324,4769,Daisy Cooper
62324,4776,Munira Wilson
62324,4918,Sarah Green
62324,4934,Helen Morgan
62324,4942,Richard Foord
62324,4995,Sarah Dyke
62324,5032,Tom Gordon
62324,5040,Liz Jarvis
62324,5055,Max Wilkinson
62324,5066,Steve Darling
62324,5070,Lisa Smart
62324,5073,Marie Goldman
62324,5078,Pippa Heylings
62324,5086,Josh Babarinde
62324,5090,Tom Morrison
62324,5096,Ian Sollom
62324,5102,Carla Denyer
62324,5103,Luke Taylor
62324,5111,Martin Wrigley
62324,5120,Shockat Adam
62324,5122,Manuela Perteghella
62324,5125,Sorcha Eastwood
62324,5138,Ian Roome
62324,5140,Claire Young
62324,5157,Susan Murray
62324,5164,Steff Aquarone
62324,5182,Charlotte Cane
62324,5191,Adam Dance
62324,5196,Brian Leishman
62324,5198,Chris Coghlan
62324,5201,Victoria Collins
62324,5207,Clive Jones
62324,5214,Brian Mathew
62324,5216,Caroline Voaden
62324,5219,Mike Martin
62324,5231,Mr Adnan Hussain
62324,5239,Sarah Gibson
62324,5249,Ellie Chowns
62324,5250,Mr Gideon Amos
62324,5263,Alex Brewer
62324,5265,James MacCleary
62324,5268,Iqbal Mohamed
62324,5277,Graham Leadbitter
62324,5283,Alison Bennett
62324,5284,David Chadwick
62324,5286,Anna Sabine
62324,5288,Dr Al Pinkerton
62324,5296,Freddie van Mierlo
62324,5299,Monica Harding
62324,5304,Dr Danny Chambers
62324,5310,Mr Lee Dillon
62324,5313,Zöe Franklin
62324,5314,Siân Berry
62324,5318,Olly Glover
62324,5320,Adrian Ramsay
62324,5321,Mr Paul Kohler
62324,5322,Mr Will Forster
62324,5325,Charlie Maynard
62324,5327,Vikki Slade
62324,5329,John Milne
62324,5335,Jess Brown-Fuller
62324,5336,Helen Maguire
62324,5346,Calum Miller
62324,5350,Ben Maguire
62324,5352,Dr Roz Savage
62324,5354,Cameron Thomas
62324,5357,Ayoub Khan
62324,5362,Mr Angus MacDonald
62330,1489,Dawn Butler
62330,172,Ms Diane Abbott
62330,178,John McDonnell
62330,185,Jeremy Corbyn
62330,227,Andrew George
62330,3973,Grahame Morris
62330,410,Jon Trickett
62330,4126,Mary Glindon
62330,4139,Ian Lavery
62330,4269,Andy McDonald
62330,4371,Brendan O'Hara
62330,4394,Imran Hussain
62330,4403,Chris Law
62330,4409,Naz Shah
62330,4436,Cat Smith
62330,4471,Rachael Maskell
62330,4493,Richard Burgon
62330,4500,Clive Lewis
62330,4521,Liz Saville Roberts
62330,4598,Mohammad Yasin
62330,4630,Ben Lake
62330,4747,Tahir Ali
62330,4753,Mary Kelly Foy
62330,4764,Bell Ribeiro-Addy
62330,4790,Ms Apsana Begum
62330,4824,Kim Johnson
62330,4827,Claire Hanna
62330,4831,Ian Byrne
62330,4846,Colum Eastwood
62330,4869,Nadia Whittome
62330,5085,Llinos Medi
62330,5102,Carla Denyer
62330,5120,Shockat Adam
62330,5125,Sorcha Eastwood
62330,5142,Abtisam Mohamed
62330,5177,Ann Davies
62330,5196,Brian Leishman
62330,5231,Mr Adnan Hussain
62330,5249,Ellie Chowns
62330,5268,Iqbal Mohamed
62330,5277,Graham Leadbitter
62330,5314,Siân Berry
62330,5320,Adrian Ramsay
62330,5345,Peter Lamb
62330,5357,Ayoub Khan
62346,1442,Mr Alistair Carmichael
62346,178,John McDonnell
62346,185,Jeremy Corbyn
62346,227,Andrew George
62346,410,Jon Trickett
62346,4139,Ian Lavery
62346,4212,Debbie Abrahams
62346,4269,Andy McDonald
62346,4371,Brendan O'Hara
62346,4403,Chris Law
62346,4409,Naz Shah
62346,4436,Cat Smith
62346,4471,Rachael Maskell
62346,4521,Liz Saville Roberts
62346,4630,Ben Lake
62346,4753,Mary Kelly Foy
62346,4824,Kim Johnson
62346,4846,Colum Eastwood
62346,5085,Llinos Medi
62346,5102,Carla Denyer
62346,5120,Shockat Adam
62346,5125,Sorcha Eastwood
62346,5177,Ann Davies
62346,5221,Steve Witherden
62346,5231,Mr Adnan Hussain
62346,5249,Ellie Chowns
62346,5268,Iqbal Mohamed
62346,5277,Graham Leadbitter
62346,5314,Siân Berry
62346,5320,Adrian Ramsay
62346,5345,Peter Lamb
62346,5357,Ayoub Khan
62346,5359,Neil Duncan-Jordan
62347,1442,Mr Alistair Carmichael
62347,178,John McDonnell
62347,410,Jon Trickett
62347,4139,Ian Lavery
62347,4212,Debbie Abrahams
62347,4269,Andy McDonald
62347,4371,Brendan O'Hara
62347,4403,Chris Law
62347,4409,Naz Shah
62347,4471,Rachael Maskell
62347,4493,Richard Burgon
62347,4521,Liz Saville Roberts
62347,4630,Ben Lake
62347,4753,Mary Kelly Foy
62347,4790,Apsana Begum
62347,4824,Kim Johnson
62347,4846,Colum Eastwood
62347,5085,Llinos Medi
62347,5102,Carla Denyer
62347,5120,Shockat Adam
62347,5125,Sorcha Eastwood
62347,5177,Ann Davies
62347,5221,Steve Witherden
62347,5231,Mr Adnan Hussain
62347,5249,Ellie Chowns
62347,5268,Iqbal Mohamed
62347,5277,Graham Leadbitter
62347,5314,Siân Berry
62347,5320,Adrian Ramsay
62347,5345,Peter Lamb
62347,5357,Ayoub Khan
62372,178,John McDonnell
62372,185,Jeremy Corbyn
62372,227,Andrew George
62372,4471,Rachael Maskell
62372,4521,Liz Saville Roberts
62372,4591,Sarah Olney
62372,4630,Ben Lake
62372,4634,Christine Jardine
62372,4656,Layla Moran
62372,4765,Wendy Chamberlain
62372,4776,Munira Wilson
62372,4827,Claire Hanna
62372,4934,Helen Morgan
62372,4942,Richard Foord
62372,4995,Sarah Dyke
62372,5032,Tom Gordon
62372,5040,Liz Jarvis
62372,5066,Steve Darling
62372,5070,Lisa Smart
62372,5078,Pippa Heylings
62372,5085,Llinos Medi
62372,5086,Josh Babarinde
62372,5090,Tom Morrison
62372,5096,Ian Sollom
62372,5102,Carla Denyer
62372,5103,Luke Taylor
62372,5111,Martin Wrigley
62372,5122,Manuela Perteghella
62372,5138,Ian Roome
62372,5140,Claire Young
62372,5157,Susan Murray
62372,5177,Ann Davies
62372,5182,Charlotte Cane
62372,5198,Chris Coghlan
62372,5201,Victoria Collins
62372,5207,Clive Jones
62372,5216,Caroline Voaden
62372,5219,Mike Martin
62372,5239,Sarah Gibson
62372,5249,Ellie Chowns
62372,5250,Mr Gideon Amos
62372,5263,Alex Brewer
62372,5268,Iqbal Mohamed
62372,5283,Alison Bennett
62372,5284,David Chadwick
62372,5286,Anna Sabine
62372,5288,Dr Al Pinkerton
62372,5296,Freddie van Mierlo
62372,5299,Monica Harding
62372,5304,Dr Danny Chambers
62372,5310,Mr Lee Dillon
62372,5313,Zöe Franklin
62372,5314,Siân Berry
62372,5318,Olly Glover
62372,5320,Adrian Ramsay
62372,5321,Mr Paul Kohler
62372,5325,Charlie Maynard
62372,5327,Vikki Slade
62372,5335,Jess Brown-Fuller
62372,5336,Helen Maguire
62372,5343,Mr Joshua Reynolds
62372,5346,Calum Miller
62372,5352,Dr Roz Savage
62372,5354,Cameron Thomas
62372,5362,Mr Angus MacDonald
62386,1440,Pete Wishart
62386,178,John McDonnell
62386,185,Jeremy Corbyn
62386,227,Andrew George
62386,4371,Brendan O'Hara
62386,4403,Chris Law
62386,4471,Rachael Maskell
62386,4493,Richard Burgon
62386,4521,Liz Saville Roberts
62386,4630,Ben Lake
62386,4790,Apsana Begum
62386,5085,Llinos Medi
62386,5102,Carla Denyer
62386,5120,Shockat Adam
62386,5177,Ann Davies
62386,5231,Mr Adnan Hussain
62386,5249,Ellie Chowns
62386,5268,Iqbal Mohamed
62386,5277,Graham Leadbitter
62386,5314,Siân Berry
62386,5320,Adrian Ramsay
62386,5357,Ayoub Khan
62386,5359,Neil Duncan-Jordan
62454,178,John McDonnell
62454,185,Jeremy Corbyn
62454,4827,Claire Hanna
62454,5120,Shockat Adam
62454,5231,Mr Adnan Hussain
62454,5268,Iqbal Mohamed
62454,5314,Siân Berry
62454,5357,Ayoub Khan
62537,1442,Mr Alistair Carmichael
62537,227,Andrew George
62537,4591,Sarah Olney
62537,4602,Wera Hobhouse
62537,4612,Jamie Stone
62537,4634,Christine Jardine
62537,4656,Layla Moran
62537,4769,Daisy Cooper
62537,4776,Munira Wilson
62537,4934,Helen Morgan
62537,4995,Sarah Dyke
62537,5032,Tom Gordon
62537,5040,Liz Jarvis
62537,5055,Max Wilkinson
62537,5070,Lisa Smart
62537,5086,Josh Babarinde
62537,5090,Tom Morrison
62537,5102,Carla Denyer
62537,5103,Luke Taylor
62537,5122,Manuela Perteghella
62537,5140,Claire Young
62537,5157,Susan Murray
62537,5182,Charlotte Cane
62537,5201,Victoria Collins
62537,5214,Brian Mathew
62537,5216,Caroline Voaden
62537,5249,Ellie Chowns
62537,5263,Alex Brewer
62537,5265,James MacCleary
62537,5283,Alison Bennett
62537,5284,David Chadwick
62537,5286,Anna Sabine
62537,5288,Dr Al Pinkerton
62537,5296,Freddie van Mierlo
62537,5299,Monica Harding
62537,5310,Mr Lee Dillon
62537,5313,Zöe Franklin
62537,5314,Siân Berry
62537,5320,Adrian Ramsay
62537,5322,Mr Will Forster
62537,5326,Edward Morello
62537,5327,Vikki Slade
62537,5335,Jess Brown-Fuller
62537,5336,Helen Maguire
62537,5346,Calum Miller
62537,5350,Ben Maguire
62537,5352,Dr Roz Savage
62537,5362,Mr Angus MacDonald
62538,1442,Mr Alistair Carmichael
62538,1591,Tim Farron
62538,227,Andrew George
62538,4591,Sarah Olney
62538,4602,Wera Hobhouse
62538,4612,Jamie Stone
62538,4634,Christine Jardine
62538,4656,Layla Moran
62538,4769,Daisy Cooper
62538,4776,Munira Wilson
62538,4934,Helen Morgan
62538,4995,Sarah Dyke
62538,5032,Tom Gordon
62538,5040,Liz Jarvis
62538,5055,Max Wilkinson
62538,5070,Lisa Smart
62538,5078,Pippa Heylings
62538,5086,Josh Babarinde
62538,5090,Tom Morrison
62538,5096,Ian Sollom
62538,5102,Carla Denyer
62538,5103,Luke Taylor
62538,5111,Martin Wrigley
62538,5122,Manuela Perteghella
62538,5138,Ian Roome
62538,5140,Claire Young
62538,5157,Susan Murray
62538,5164,Steff Aquarone
62538,5182,Charlotte Cane
62538,5196,Brian Leishman
62538,5198,Chris Coghlan
62538,5201,Victoria Collins
62538,5207,Clive Jones
62538,5214,Brian Mathew
62538,5216,Caroline Voaden
62538,5219,Mike Martin
62538,5239,Sarah Gibson
62538,5249,Ellie Chowns
62538,5250,Mr Gideon Amos
62538,5263,Alex Brewer
62538,5265,James MacCleary
62538,5283,Alison Bennett
62538,5284,David Chadwick
62538,5286,Anna Sabine
62538,5288,Dr Al Pinkerton
62538,5296,Freddie van Mierlo
62538,5299,Monica Harding
62538,5304,Dr Danny Chambers
62538,5310,Mr Lee Dillon
62538,5313,Zöe Franklin
62538,5314,Siân Berry
62538,5318,Olly Glover
62538,5320,Adrian Ramsay
62538,5322,Mr Will Forster
62538,5325,Charlie Maynard
62538,5326,Edward Morello
62538,5327,Vikki Slade
62538,5335,Jess Brown-Fuller
62538,5336,Helen Maguire
62538,5343,Mr Joshua Reynolds
62538,5346,Calum Miller
62538,5350,Ben Maguire
62538,5352,Dr Roz Savage
62538,5362,Mr Angus MacDonald
62551,1440,Pete Wishart
62551,1442,Mr Alistair Carmichael
62551,1489,Dawn Butler
62551,172,Ms Diane Abbott
62551,178,John McDonnell
62551,185,Jeremy Corbyn
62551,227,Andrew George
62551,394,Mr Clive Betts
62551,3973,Grahame Morris
62551,410,Jon Trickett
62551,4126,Mary Glindon
62551,4139,Ian Lavery
62551,4269,Andy McDonald
62551,4357,Kirsty Blackman
62551,4371,Brendan O'Hara
62551,4394,Imran Hussain
62551,4403,Chris Law
62551,4434,Stephen Gethins
62551,4436,Cat Smith
62551,4471,Rachael Maskell
62551,4493,Richard Burgon
62551,4500,Clive Lewis
62551,4521,Liz Saville Roberts
62551,4571,Gill Furniss
62551,4598,Mohammad Yasin
62551,4630,Ben Lake
62551,4736,Dave Doogan
62551,4747,Tahir Ali
62551,4753,Mary Kelly Foy
62551,4764,Bell Ribeiro-Addy
62551,4783,Kate Osborne
62551,4790,Apsana Begum
62551,4824,Kim Johnson
62551,4827,Claire Hanna
62551,4831,Ian Byrne
62551,4846,Colum Eastwood
62551,4864,Olivia Blake
62551,4869,Nadia Whittome
62551,5030,Dr Simon Opher
62551,5085,Llinos Medi
62551,5102,Carla Denyer
62551,5120,Shockat Adam
62551,5125,Sorcha Eastwood
62551,5142,Abtisam Mohamed
62551,5144,Richard Quigley
62551,5177,Ann Davies
62551,5188,Tracy Gilbert
62551,5196,Brian Leishman
62551,5221,Steve Witherden
62551,5231,Mr Adnan Hussain
62551,5232,Lorraine Beavers
62551,5244,Chris Hinchliff
62551,5249,Ellie Chowns
62551,5268,Iqbal Mohamed
62551,5272,Margaret Mullane
62551,5277,Graham Leadbitter
62551,5280,Seamus Logan
62551,5314,Siân Berry
62551,5320,Adrian Ramsay
62551,5345,Peter Lamb
62551,5357,Ayoub Khan
62551,5359,Neil Duncan-Jordan
62671,1489,Dawn Butler
62671,178,John McDonnell
62671,185,Jeremy Corbyn
62671,227,Andrew George
62671,394,Mr Clive Betts
62671,3973,Grahame Morris
62671,410,Jon Trickett
62671,4126,Mary Glindon
62671,4139,Ian Lavery
62671,4212,Debbie Abrahams
62671,4269,Andy McDonald
62671,4394,Imran Hussain
62671,4396,Rebecca Long Bailey
62671,4403,Chris Law
62671,4434,Stephen Gethins
62671,4436,Cat Smith
62671,4471,Rachael Maskell
62671,4493,Richard Burgon
62671,4521,Liz Saville Roberts
62671,4630,Ben Lake
62671,4753,Mary Kelly Foy
62671,4764,Bell Ribeiro-Addy
62671,4790,Apsana Begum
62671,4824,Kim Johnson
62671,4827,Claire Hanna
62671,4828,Paula Barker
62671,4831,Ian Byrne
62671,4846,Colum Eastwood
62671,5085,Llinos Medi
62671,5102,Carla Denyer
62671,5120,Shockat Adam
62671,5125,Sorcha Eastwood
62671,5142,Abtisam Mohamed
62671,5177,Ann Davies
62671,5188,Tracy Gilbert
62671,5190,Patricia Ferguson
62671,5196,Brian Leishman
62671,5249,Ellie Chowns
62671,5314,Siân Berry
62671,5345,Peter Lamb
62671,5357,Ayoub Khan
62671,5359,Neil Duncan-Jordan
62678,1442,Mr Alistair Carmichael
62678,178,John McDonnell
62678,185,Jeremy Corbyn
62678,227,Andrew George
62678,410,Jon Trickett
62678,4403,Chris Law
62678,4434,Stephen Gethins
62678,4471,Rachael Maskell
62678,4521,Liz Saville Roberts
62678,4591,Sarah Olney
62678,4602,Wera Hobhouse
62678,4630,Ben Lake
62678,4634,Christine Jardine
62678,4769,Daisy Cooper
62678,4776,Munira Wilson
62678,4918,Sarah Green
62678,4942,Richard Foord
62678,4995,Sarah Dyke
62678,5032,Tom Gordon
62678,5040,Liz Jarvis
62678,5055,Max Wilkinson
62678,5066,Steve Darling
62678,5070,Lisa Smart
62678,5078,Pippa Heylings
62678,5085,Llinos Medi
62678,5090,Tom Morrison
62678,5096,Ian Sollom
62678,5102,Carla Denyer
62678,5103,Luke Taylor
62678,5111,Martin Wrigley
62678,5120,Shockat Adam
62678,5122,Manuela Perteghella
62678,5125,Sorcha Eastwood
62678,5140,Claire Young
62678,5157,Susan Murray
62678,5177,Ann Davies
62678,5182,Charlotte Cane
62678,5191,Adam Dance
62678,5198,Chris Coghlan
62678,5201,Victoria Collins
62678,5207,Clive Jones
62678,5214,Brian Mathew
62678,5216,Caroline Voaden
62678,5219,Mike Martin
62678,5239,Sarah Gibson
62678,5249,Ellie Chowns
62678,5250,Gideon Amos
62678,5263,Alex Brewer
62678,5265,James MacCleary
62678,5268,Iqbal Mohamed
62678,5283,Alison Bennett
62678,5284,David Chadwick
62678,5286,Anna Sabine
62678,5288,Dr Al Pinkerton
62678,5296,Freddie van Mierlo
62678,5310,Mr Lee Dillon
62678,5313,Zöe Franklin
62678,5314,Siân Berry
62678,5318,Olly Glover
62678,5320,Adrian Ramsay
62678,5326,Edward Morello
62678,5327,Vikki Slade
62678,5335,Jess Brown-Fuller
62678,5336,Helen Maguire
62678,5343,Mr Joshua Reynolds
62678,5346,Calum Miller
62678,5350,Ben Maguire
62678,5352,Dr Roz Savage
62678,5357,Ayoub Khan
62678,5362,Mr Angus MacDonald
62681,178,John McDonnell
62681,185,Jeremy Corbyn
62681,227,Andrew George
62681,3973,Grahame Morris
62681,410,Jon Trickett
62681,4126,Mary Glindon
62681,4139,Ian Lavery
62681,4269,Andy McDonald
62681,4394,Imran Hussain
62681,4396,Rebecca Long Bailey
62681,4403,Chris Law
62681,4434,Stephen Gethins
62681,4471,Rachael Maskell
62681,4493,Richard Burgon
62681,4521,Liz Saville Roberts
62681,4630,Ben Lake
62681,4753,Mary Kelly Foy
62681,4764,Bell Ribeiro-Addy
62681,4790,Apsana Begum
62681,4824,Kim Johnson
62681,4831,Ian Byrne
62681,4869,Nadia Whittome
62681,5085,Llinos Medi
62681,5102,Carla Denyer
62681,5120,Shockat Adam
62681,5177,Ann Davies
62681,5196,Brian Leishman
62681,5221,Steve Witherden
62681,5249,Ellie Chowns
62681,5268,Iqbal Mohamed
62681,5280,Seamus Logan
62681,5314,Siân Berry
62681,5320,Adrian Ramsay
62681,5345,Peter Lamb
62681,5357,Ayoub Khan
62704,1489,Dawn Butler
62704,172,Ms Diane Abbott
62704,178,John McDonnell
62704,185,Jeremy Corbyn
62704,227,Andrew George
62704,410,Jon Trickett
62704,4139,Ian Lavery
62704,4269,Andy McDonald
62704,4371,Brendan O'Hara
62704,4394,Imran Hussain
62704,4396,Rebecca Long Bailey
62704,4403,Chris Law
62704,4471,Rachael Maskell
62704,4493,Richard Burgon
62704,4521,Liz Saville Roberts
62704,4598,Mohammad Yasin
62704,4630,Ben Lake
62704,4736,Dave Doogan
62704,4753,Mary Kelly Foy
62704,4764,Bell Ribeiro-Addy
62704,4790,Apsana Begum
62704,4824,Kim Johnson
62704,4827,Claire Hanna
62704,4831,Ian Byrne
62704,4846,Colum Eastwood
62704,4864,Olivia Blake
62704,4869,Nadia Whittome
62704,5085,Llinos Medi
62704,5102,Carla Denyer
62704,5120,Shockat Adam
62704,5125,Sorcha Eastwood
62704,5142,Abtisam Mohamed
62704,5177,Ann Davies
62704,5196,Brian Leishman
62704,5221,Steve Witherden
62704,5249,Ellie Chowns
62704,5268,Iqbal Mohamed
62704,5277,Graham Leadbitter
62704,5345,Peter Lamb
62704,5357,Ayoub Khan
62704,5359,Neil Duncan-Jordan
62709,1489,Dawn Butler
62709,1521,Mrs Sharon Hodgson
62709,1593,Sammy Wilson
62709,227,Andrew George
62709,4471,Rachael Maskell
62709,4521,Liz Saville Roberts
62709,4591,Sarah Olney
62709,4602,Wera Hobhouse
62709,4612,Jamie Stone
62709,4630,Ben Lake
62709,4634,Christine Jardine
62709,4656,Layla Moran
62709,4765,Wendy Chamberlain
62709,4769,Daisy Cooper
62709,4918,Sarah Green
62709,4995,Sarah Dyke
62709,5040,Liz Jarvis
62709,5066,Steve Darling
62709,5073,Marie Goldman
62709,5085,Llinos Medi
62709,5096,Ian Sollom
62709,5102,Carla Denyer
62709,5108,Sam Rushworth
62709,5111,Martin Wrigley
62709,5112,Luke Akehurst
62709,5122,Manuela Perteghella
62709,5157,Susan Murray
62709,5161,Richard Tice
62709,5177,Ann Davies
62709,5182,Charlotte Cane
62709,5191,Adam Dance
62709,5201,Victoria Collins
62709,5214,Brian Mathew
62709,5216,Caroline Voaden
62709,5239,Sarah Gibson
62709,5249,Ellie Chowns
62709,5262,Alex Easton
62709,5268,Iqbal Mohamed
62709,5283,Alison Bennett
62709,5284,David Chadwick
62709,5286,Anna Sabine
62709,5288,Dr Al Pinkerton
62709,5296,Freddie van Mierlo
62709,5310,Mr Lee Dillon
62709,5318,Olly Glover
62709,5325,Charlie Maynard
62709,5327,Vikki Slade
62709,5335,Jess Brown-Fuller
62709,5336,Helen Maguire
62709,5346,Calum Miller
62709,5350,Ben Maguire
62709,5362,Mr Angus MacDonald
62709,54,Sir Julian Lewis
62777,178,John McDonnell
62777,185,Jeremy Corbyn
62777,4371,Brendan O'Hara
62777,4394,Imran Hussain
62777,4403,Chris Law
62777,4471,Rachael Maskell
62777,4493,Richard Burgon
62777,4521,Liz Saville Roberts
62777,4630,Ben Lake
62777,4790,Apsana Begum
62777,5085,Llinos Medi
62777,5102,Carla Denyer
62777,5120,Shockat Adam
62777,5177,Ann Davies
62777,5196,Brian Leishman
62777,5249,Ellie Chowns
62777,5268,Iqbal Mohamed
62777,5277,Graham Leadbitter
62777,5314,Siân Berry
62777,5320,Adrian Ramsay
62777,5357,Ayoub Khan
62795,178,John McDonnell
62795,227,Andrew George
62795,4269,Andy McDonald
62795,4403,Chris Law
62795,4471,Rachael Maskell
62795,4493,Richard Burgon
62795,4521,Liz Saville Roberts
62795,4630,Ben Lake
62795,4790,Apsana Begum
62795,4869,Nadia Whittome
62795,5085,Llinos Medi
62795,5120,Shockat Adam
62795,5177,Ann Davies
62795,5196,Brian Leishman
62795,5221,Steve Witherden
62795,5268,Iqbal Mohamed
62795,5320,Adrian Ramsay
62795,5345,Peter Lamb
62795,5357,Ayoub Khan
62906,178,John McDonnell
62906,227,Andrew George
62906,4131,Jim Shannon
62906,4521,Liz Saville Roberts
62906,4602,Wera Hobhouse
62906,4630,Ben Lake
62906,4942,Richard Foord
62906,5040,Liz Jarvis
62906,5066,Steve Darling
62906,5078,Pippa Heylings
62906,5085,Llinos Medi
62906,5090,Tom Morrison
62906,5102,Carla Denyer
62906,5103,Luke Taylor
62906,5111,Martin Wrigley
62906,5122,Manuela Perteghella
62906,5177,Ann Davies
62906,5191,Adam Dance
62906,5201,Victoria Collins
62906,5249,Ellie Chowns
62906,5250,Gideon Amos
62906,5265,James MacCleary
62906,5268,Iqbal Mohamed
62906,5284,David Chadwick
62906,5288,Dr Al Pinkerton
62906,5310,Mr Lee Dillon
62906,5314,Siân Berry
62906,5320,Adrian Ramsay
62906,5322,Mr Will Forster
62906,5327,Vikki Slade
62906,5335,Jess Brown-Fuller
62906,5336,Helen Maguire
62906,5346,Calum Miller
62906,5352,Dr Roz Savage
62906,5357,Ayoub Khan
62906,5362,Mr Angus MacDonald
62928,178,John McDonnell
62928,227,Andrew George
62928,410,Jon Trickett
62928,4471,Rachael Maskell
62928,4790,Apsana Begum
62928,5102,Carla Denyer
62928,5120,Shockat Adam
62928,5125,Sorcha Eastwood
62928,5231,Mr Adnan Hussain
62928,5249,Ellie Chowns
62928,5268,Iqbal Mohamed
62928,5314,Siân Berry
62928,5320,Adrian Ramsay
62928,5357,Ayoub Khan
62928,5359,Neil Duncan-Jordan
62950,178,John McDonnell
62950,185,Jeremy Corbyn
62950,227,Andrew George
62950,3952,Mr Toby Perkins
62950,410,Jon Trickett
62950,4269,Andy McDonald
62950,4371,Brendan O'Hara
62950,4471,Rachael Maskell
62950,4521,Liz Saville Roberts
62950,4602,Wera Hobhouse
62950,4630,Ben Lake
62950,4764,Bell Ribeiro-Addy
62950,4783,Kate Osborne
62950,4790,Apsana Begum
62950,4824,Kim Johnson
62950,4827,Claire Hanna
62950,4831,Ian Byrne
62950,4846,Colum Eastwood
62950,4869,Nadia Whittome
62950,5030,Dr Simon Opher
62950,5085,Llinos Medi
62950,5090,Tom Morrison
62950,5111,Martin Wrigley
62950,5120,Shockat Adam
62950,5125,Sorcha Eastwood
62950,5138,Ian Roome
62950,5142,Abtisam Mohamed
62950,5157,Susan Murray
62950,5177,Ann Davies
62950,5196,Brian Leishman
62950,5214,Brian Mathew
62950,5221,Steve Witherden
62950,5249,Ellie Chowns
62950,5252,Rachel Gilmour
62950,5268,Iqbal Mohamed
62950,5277,Graham Leadbitter
62950,5313,Zöe Franklin
62950,5314,Siân Berry
62950,5357,Ayoub Khan
62950,5359,Neil Duncan-Jordan
62950,5362,Mr Angus MacDonald
62984,1440,Pete Wishart
62984,1489,Dawn Butler
62984,172,Ms Diane Abbott
62984,178,John McDonnell
62984,185,Jeremy Corbyn
62984,3973,Grahame Morris
62984,410,Jon Trickett
62984,4126,Mary Glindon
62984,4139,Ian Lavery
62984,4269,Andy McDonald
62984,4371,Brendan O'Hara
62984,4403,Chris Law
62984,4436,Cat Smith
62984,4471,Rachael Maskell
62984,4493,Richard Burgon
62984,4500,Clive Lewis
62984,4630,Ben Lake
62984,4736,Dave Doogan
62984,4747,Tahir Ali
62984,4753,Mary Kelly Foy
62984,4764,Bell Ribeiro-Addy
62984,4783,Kate Osborne
62984,4790,Apsana Begum
62984,4824,Kim Johnson
62984,4831,Ian Byrne
62984,4846,Colum Eastwood
62984,4869,Nadia Whittome
62984,5030,Dr Simon Opher
62984,5085,Llinos Medi
62984,5102,Carla Denyer
62984,5110,Euan Stainbank
62984,5120,Shockat Adam
62984,5142,Abtisam Mohamed
62984,5188,Tracy Gilbert
62984,5196,Brian Leishman
62984,5221,Steve Witherden
62984,5231,Mr Adnan Hussain
62984,5249,Ellie Chowns
62984,5268,Iqbal Mohamed
62984,5272,Margaret Mullane
62984,5277,Graham Leadbitter
62984,5280,Seamus Logan
62984,5314,Siân Berry
62984,5320,Adrian Ramsay
62984,5357,Ayoub Khan
62984,5359,Neil Duncan-Jordan
63037,172,Ms Diane Abbott
63037,178,John McDonnell
63037,185,Jeremy Corbyn
63037,410,Jon Trickett
63037,4269,Andy McDonald
63037,4471,Rachael Maskell
63037,4493,Richard Burgon
63037,4790,Apsana Begum
63037,4824,Kim Johnson
63037,4831,Ian Byrne
63037,4869,Nadia Whittome
63037,5102,Carla Denyer
63037,5120,Shockat Adam
63037,5231,Mr Adnan Hussain
63037,5249,Ellie Chowns
63037,5268,Iqbal Mohamed
63037,5320,Adrian Ramsay
63037,5357,Ayoub Khan
63037,5359,Neil Duncan-Jordan
63055,178,John McDonnell
63055,185,Jeremy Corbyn
63055,4269,Andy McDonald
63055,4403,Chris Law
63055,4846,Colum Eastwood
63055,5102,Carla Denyer
63055,5120,Shockat Adam
63055,5249,Ellie Chowns
63055,5268,Iqbal Mohamed
63055,5314,Siân Berry
63055,5357,Ayoub Khan
63122,1440,Pete Wishart
63122,1489,Dawn Butler
63122,172,Ms Diane Abbott
63122,178,John McDonnell
63122,185,Jeremy Corbyn
63122,3952,Mr Toby Perkins
63122,410,Jon Trickett
63122,4139,Ian Lavery
63122,4269,Andy McDonald
63122,4371,Brendan O'Hara
63122,4394,Imran Hussain
63122,4403,Chris Law
63122,4434,Stephen Gethins
63122,4436,Cat Smith
63122,4471,Rachael Maskell
63122,4493,Richard Burgon
63122,4500,Clive Lewis
63122,4521,Liz Saville Roberts
63122,4571,Gill Furniss
63122,4623,Tonia Antoniazzi
63122,4630,Ben Lake
63122,4716,Ruth Jones
63122,4736,Dave Doogan
63122,4747,Tahir Ali
63122,4753,Mary Kelly Foy
63122,4764,Bell Ribeiro-Addy
63122,4783,Kate Osborne
63122,4790,Apsana Begum
63122,4824,Kim Johnson
63122,4827,Claire Hanna
63122,4831,Ian Byrne
63122,4846,Colum Eastwood
63122,4869,Nadia Whittome
63122,5030,Dr Simon Opher
63122,5057,Douglas McAllister
63122,5085,Llinos Medi
63122,5102,Carla Denyer
63122,5110,Euan Stainbank
63122,5120,Shockat Adam
63122,5122,Manuela Perteghella
63122,5125,Sorcha Eastwood
63122,5137,Maureen Burke
63122,5142,Abtisam Mohamed
63122,5177,Ann Davies
63122,5188,Tracy Gilbert
63122,5190,Patricia Ferguson
63122,5196,Brian Leishman
63122,5221,Steve Witherden
63122,5231,Mr Adnan Hussain
63122,5232,Lorraine Beavers
63122,5249,Ellie Chowns
63122,5268,Iqbal Mohamed
63122,5277,Graham Leadbitter
63122,5280,Seamus Logan
63122,5314,Siân Berry
63122,5345,Peter Lamb
63122,5357,Ayoub Khan
63122,5359,Neil Duncan-Jordan
63125,1442,Mr Alistair Carmichael
63125,1591,Tim Farron
63125,178,John McDonnell
63125,227,Andrew George
63125,4089,Tessa Munt
63125,410,Jon Trickett
63125,4471,Rachael Maskell
63125,4521,Liz Saville Roberts
63125,4591,Sarah Olney
63125,4602,Wera Hobhouse
63125,4612,Jamie Stone
63125,4630,Ben Lake
63125,4634,Christine Jardine
63125,4656,Layla Moran
63125,4765,Wendy Chamberlain
63125,4769,Daisy Cooper
63125,4776,Munira Wilson
63125,4827,Claire Hanna
63125,4918,Sarah Green
63125,4934,Helen Morgan
63125,4995,Sarah Dyke
63125,5032,Tom Gordon
63125,5040,Liz Jarvis
63125,5055,Max Wilkinson
63125,5066,Steve Darling
63125,5070,Lisa Smart
63125,5078,Pippa Heylings
63125,5085,Llinos Medi
63125,5086,Josh Babarinde
63125,5090,Tom Morrison
63125,5096,Ian Sollom
63125,5103,Luke Taylor
63125,5111,Martin Wrigley
63125,5120,Shockat Adam
63125,5122,Manuela Perteghella
63125,5138,Ian Roome
63125,5140,Claire Young
63125,5157,Susan Murray
63125,5164,Steff Aquarone
63125,5177,Ann Davies
63125,5182,Charlotte Cane
63125,5191,Adam Dance
63125,5198,Chris Coghlan
63125,5201,Victoria Collins
63125,5207,Clive Jones
63125,5214,Brian Mathew
63125,5216,Caroline Voaden
63125,5219,Mike Martin
63125,5239,Sarah Gibson
63125,5249,Ellie Chowns
63125,5252,Rachel Gilmour
63125,5263,Alex Brewer
63125,5265,James MacCleary
63125,5268,Iqbal Mohamed
63125,5277,Graham Leadbitter
63125,5283,Alison Bennett
63125,5284,David Chadwick
63125,5286,Anna Sabine
63125,5288,Dr Al Pinkerton
63125,5296,Freddie van Mierlo
63125,5299,Monica Harding
63125,5310,Mr Lee Dillon
63125,5313,Zöe Franklin
63125,5318,Olly Glover
63125,5320,Adrian Ramsay
63125,5321,Mr Paul Kohler
63125,5325,Charlie Maynard
63125,5326,Edward Morello
63125,5327,Vikki Slade
63125,5329,John Milne
63125,5335,Jess Brown-Fuller
63125,5336,Helen Maguire
63125,5343,Mr Joshua Reynolds
63125,5346,Calum Miller
63125,5350,Ben Maguire
63125,5352,Dr Roz Savage
63125,5354,Cameron Thomas
63125,5362,Mr Angus MacDonald
63133,1442,Mr Alistair Carmichael
63133,227,Andrew George
63133,5103,Luke Taylor
63158,178,John McDonnell
63158,227,Andrew George
63158,4471,Rachael Maskell
63158,4521,Liz Saville Roberts
63158,4630,Ben Lake
63158,4827,Claire Hanna
63158,5085,Llinos Medi
63158,5102,Carla Denyer
63158,5120,Shockat Adam
63158,5177,Ann Davies
63158,5249,Ellie Chowns
63158,5268,Iqbal Mohamed
63158,5314,Siân Berry
63158,5357,Ayoub Khan
63224,1442,Mr Alistair Carmichael
63224,1591,Tim Farron
63224,178,John McDonnell
63224,227,Andrew George
63224,4089,Tessa Munt
63224,4126,Mary Glindon
63224,4471,Rachael Maskell
63224,4602,Wera Hobhouse
63224,4612,Jamie Stone
63224,4630,Ben Lake
63224,4634,Christine Jardine
63224,4656,Layla Moran
63224,4765,Wendy Chamberlain
63224,4769,Daisy Cooper
63224,4776,Munira Wilson
63224,4918,Sarah Green
63224,4934,Helen Morgan
63224,4995,Sarah Dyke
63224,5032,Tom Gordon
63224,5040,Liz Jarvis
63224,5055,Max Wilkinson
63224,5070,Lisa Smart
63224,5078,Pippa Heylings
63224,5090,Tom Morrison
63224,5096,Ian Sollom
63224,5103,Luke Taylor
63224,5111,Martin Wrigley
63224,5122,Manuela Perteghella
63224,5140,Claire Young
63224,5157,Susan Murray
63224,5191,Adam Dance
63224,5198,Chris Coghlan
63224,5201,Victoria Collins
63224,5214,Brian Mathew
63224,5216,Caroline Voaden
63224,5249,Ellie Chowns
63224,5263,Alex Brewer
63224,5265,James MacCleary
63224,5283,Alison Bennett
63224,5284,David Chadwick
63224,5286,Anna Sabine
63224,5288,Dr Al Pinkerton
63224,5296,Freddie van Mierlo
63224,5310,Mr Lee Dillon
63224,5313,Zöe Franklin
63224,5318,Olly Glover
63224,5320,Adrian Ramsay
63224,5322,Mr Will Forster
63224,5326,Edward Morello
63224,5327,Vikki Slade
63224,5335,Jess Brown-Fuller
63224,5336,Helen Maguire
63224,5346,Calum Miller
63224,5352,Dr Roz Savage
63224,5354,Cameron Thomas
63224,5362,Mr Angus MacDonald
63225,1409,Mr Gregory Campbell
63225,1442,Mr Alistair Carmichael
63225,1591,Tim Farron
63225,227,Andrew George
63225,4089,Tessa Munt
63225,4126,Mary Glindon
63225,4131,Jim Shannon
63225,4360,Gavin Robinson
63225,4471,Rachael Maskell
63225,4602,Wera Hobhouse
63225,4612,Jamie Stone
63225,4630,Ben Lake
63225,4634,Christine Jardine
63225,4656,Layla Moran
63225,4765,Wendy Chamberlain
63225,4769,Daisy Cooper
63225,4776,Munira Wilson
63225,4918,Sarah Green
63225,4995,Sarah Dyke
63225,5032,Tom Gordon
63225,5070,Lisa Smart
63225,5078,Pippa Heylings
63225,5103,Luke Taylor
63225,5111,Martin Wrigley
63225,5122,Manuela Perteghella
63225,5140,Claire Young
63225,5157,Susan Murray
63225,5191,Adam Dance
63225,5201,Victoria Collins
63225,5214,Brian Mathew
63225,5249,Ellie Chowns
63225,5265,James MacCleary
63225,5286,Anna Sabine
63225,5288,Dr Al Pinkerton
63225,5296,Freddie van Mierlo
63225,5299,Monica Harding
63225,5310,Mr Lee Dillon
63225,5313,Zöe Franklin
63225,5320,Adrian Ramsay
63225,5326,Edward Morello
63225,5327,Vikki Slade
63225,5335,Jess Brown-Fuller
63225,5336,Helen Maguire
63225,5346,Calum Miller
63225,5352,Dr Roz Savage
63225,5362,Mr Angus MacDonald
63231,1440,Pete Wishart
63231,172,Ms Diane Abbott
63231,178,John McDonnell
63231,185,Jeremy Corbyn
63231,227,Andrew George
63231,3973,Grahame Morris
63231,410,Jon Trickett
63231,4126,Mary Glindon
63231,4139,Ian Lavery
63231,4269,Andy McDonald
63231,4371,Brendan O'Hara
63231,4394,Imran Hussain
63231,4403,Chris Law
63231,4434,Stephen Gethins
63231,4436,Cat Smith
63231,4471,Rachael Maskell
63231,4493,Richard Burgon
63231,4500,Clive Lewis
63231,4521,Liz Saville Roberts
63231,4571,Gill Furniss
63231,4598,Mohammad Yasin
63231,4630,Ben Lake
63231,4736,Dave Doogan
63231,4753,Mary Kelly Foy
63231,4764,Bell Ribeiro-Addy
63231,4783,Kate Osborne
63231,4790,Apsana Begum
63231,4824,Kim Johnson
63231,4827,Claire Hanna
63231,4831,Ian Byrne
63231,4846,Colum Eastwood
63231,4869,Nadia Whittome
63231,5030,Dr Simon Opher
63231,5074,Mr Paul Foster
63231,5085,Llinos Medi
63231,5102,Carla Denyer
63231,5110,Euan Stainbank
63231,5120,Shockat Adam
63231,5125,Sorcha Eastwood
63231,5142,Abtisam Mohamed
63231,5177,Ann Davies
63231,5188,Tracy Gilbert
63231,5190,Patricia Ferguson
63231,5196,Brian Leishman
63231,5221,Steve Witherden
63231,5231,Mr Adnan Hussain
63231,5232,Lorraine Beavers
63231,5244,Chris Hinchliff
63231,5249,Ellie Chowns
63231,5251,Martin Rhodes
63231,5268,Iqbal Mohamed
63231,5277,Graham Leadbitter
63231,5280,Seamus Logan
63231,5314,Siân Berry
63231,5320,Adrian Ramsay
63231,5345,Peter Lamb
63231,5357,Ayoub Khan
63231,5359,Neil Duncan-Jordan
63311,178,John McDonnell
63311,185,Jeremy Corbyn
63311,4403,Chris Law
63311,4471,Rachael Maskell
63311,4493,Richard Burgon
63311,4521,Liz Saville Roberts
63311,4630,Ben Lake
63311,4790,Apsana Begum
63311,4824,Kim Johnson
63311,4827,Claire Hanna
63311,4831,Ian Byrne
63311,4846,Colum Eastwood
63311,5085,Llinos Medi
63311,5102,Carla Denyer
63311,5120,Shockat Adam
63311,5125,Sorcha Eastwood
63311,5177,Ann Davies
63311,5196,Brian Leishman
63311,5249,Ellie Chowns
63311,5268,Iqbal Mohamed
63311,5314,Siân Berry
63311,5320,Adrian Ramsay
63311,5357,Ayoub Khan
63311,5359,Neil Duncan-Jordan
63321,1489,Dawn Butler
63321,178,John McDonnell
63321,410,Jon Trickett
63321,4269,Andy McDonald
63321,4403,Chris Law
63321,4471,Rachael Maskell
63321,4493,Richard Burgon
63321,4521,Liz Saville Roberts
63321,4630,Ben Lake
63321,4790,Apsana Begum
63321,4824,Kim Johnson
63321,4846,Colum Eastwood
63321,5085,Llinos Medi
63321,5120,Shockat Adam
63321,5177,Ann Davies
63321,5196,Brian Leishman
63321,5249,Ellie Chowns
63321,5314,Siân Berry
63321,5345,Peter Lamb
63321,5357,Ayoub Khan
63321,5359,Neil Duncan-Jordan
63425,1442,Mr Alistair Carmichael
63425,1489,Dawn Butler
63425,1591,Tim Farron
63425,178,John McDonnell
63425,185,Jeremy Corbyn
63425,227,Andrew George
63425,4089,Tessa Munt
63425,410,Jon Trickett
63425,4403,Chris Law
63425,4471,Rachael Maskell
63425,4521,Liz Saville Roberts
63425,4602,Wera Hobhouse
63425,4612,Jamie Stone
63425,4630,Ben Lake
63425,4634,Christine Jardine
63425,4656,Layla Moran
63425,4765,Wendy Chamberlain
63425,4769,Daisy Cooper
63425,4776,Munira Wilson
63425,4824,Kim Johnson
63425,4827,Claire Hanna
63425,4846,Colum Eastwood
63425,4869,Nadia Whittome
63425,4918,Sarah Green
63425,4942,Richard Foord
63425,4995,Sarah Dyke
63425,5030,Dr Simon Opher
63425,5032,Tom Gordon
63425,5040,Liz Jarvis
63425,5066,Steve Darling
63425,5070,Lisa Smart
63425,5078,Pippa Heylings
63425,5085,Llinos Medi
63425,5090,Tom Morrison
63425,5096,Ian Sollom
63425,5103,Luke Taylor
63425,5111,Martin Wrigley
63425,5120,Shockat Adam
63425,5122,Manuela Perteghella
63425,5140,Claire Young
63425,5157,Susan Murray
63425,5177,Ann Davies
63425,5182,Charlotte Cane
63425,5191,Adam Dance
63425,5198,Chris Coghlan
63425,5201,Victoria Collins
63425,5207,Clive Jones
63425,5214,Brian Mathew
63425,5216,Caroline Voaden
63425,5219,Mike Martin
63425,5249,Ellie Chowns
63425,5263,Alex Brewer
63425,5283,Alison Bennett
63425,5284,David Chadwick
63425,5286,Anna Sabine
63425,5299,Monica Harding
63425,5304,Dr Danny Chambers
63425,5313,Zöe Franklin
63425,5314,Siân Berry
63425,5320,Adrian Ramsay
63425,5321,Mr Paul Kohler
63425,5322,Mr Will Forster
63425,5325,Charlie Maynard
63425,5326,Edward Morello
63425,5327,Vikki Slade
63425,5329,John Milne
63425,5335,Jess Brown-Fuller
63425,5336,Helen Maguire
63425,5350,Ben Maguire
63425,5354,Cameron Thomas
63425,5357,Ayoub Khan
63425,5359,Neil Duncan-Jordan
63425,5362,Mr Angus MacDonald
63568,1442,Mr Alistair Carmichael
63568,1591,Tim Farron
63568,172,Ms Diane Abbott
63568,178,John McDonnell
63568,4089,Tessa Munt
63568,4126,Mary Glindon
63568,4403,Chris Law
63568,4471,Rachael Maskell
63568,4521,Liz Saville Roberts
63568,4602,Wera Hobhouse
63568,4612,Jamie Stone
63568,4630,Ben Lake
63568,4634,Christine Jardine
63568,4656,Layla Moran
63568,4765,Wendy Chamberlain
63568,4769,Daisy Cooper
63568,4776,Munira Wilson
63568,4790,Apsana Begum
63568,4827,Claire Hanna
63568,4918,Sarah Green
63568,4934,Helen Morgan
63568,4942,Richard Foord
63568,4995,Sarah Dyke
63568,5032,Tom Gordon
63568,5040,Liz Jarvis
63568,5066,Steve Darling
63568,5070,Lisa Smart
63568,5078,Pippa Heylings
63568,5085,Llinos Medi
63568,5086,Josh Babarinde
63568,5090,Tom Morrison
63568,5103,Luke Taylor
63568,5111,Martin Wrigley
63568,5122,Manuela Perteghella
63568,5125,Sorcha Eastwood
63568,5138,Ian Roome
63568,5140,Claire Young
63568,5157,Susan Murray
63568,5164,Steff Aquarone
63568,5177,Ann Davies
63568,5182,Charlotte Cane
63568,5191,Adam Dance
63568,5198,Chris Coghlan
63568,5201,Victoria Collins
63568,5207,Clive Jones
63568,5214,Brian Mathew
63568,5219,Mike Martin
63568,5239,Sarah Gibson
63568,5249,Ellie Chowns
63568,5250,Gideon Amos
63568,5252,Rachel Gilmour
63568,5263,Alex Brewer
63568,5265,James MacCleary
63568,5283,Alison Bennett
63568,5284,David Chadwick
63568,5286,Anna Sabine
63568,5288,Dr Al Pinkerton
63568,5296,Freddie van Mierlo
63568,5299,Monica Harding
63568,5304,Dr Danny Chambers
63568,5310,Mr Lee Dillon
63568,5313,Zöe Franklin
63568,5314,Siân Berry
63568,5318,Olly Glover
63568,5320,Adrian Ramsay
63568,5321,Mr Paul Kohler
63568,5322,Mr Will Forster
63568,5326,Edward Morello
63568,5327,Vikki Slade
63568,5329,John Milne
63568,5335,Jess Brown-Fuller
63568,5336,Helen Maguire
63568,5343,Mr Joshua Reynolds
63568,5346,Calum Miller
63568,5352,Dr Roz Savage
63568,5357,Ayoub Khan
63568,5359,Neil Duncan-Jordan
63568,5362,Mr Angus MacDonald
63607,1591,Tim Farron
63607,178,John McDonnell
63607,227,Andrew George
63607,4089,Tessa Munt
63607,410,Jon Trickett
63607,4471,Rachael Maskell
63607,4521,Liz Saville Roberts
63607,4602,Wera Hobhouse
63607,4612,Jamie Stone
63607,4630,Ben Lake
63607,4765,Wendy Chamberlain
63607,4769,Daisy Cooper
63607,4776,Munira Wilson
63607,4790,Apsana Begum
63607,4827,Claire Hanna
63607,4918,Sarah Green
63607,4934,Helen Morgan
63607,4942,Richard Foord
63607,4995,Sarah Dyke
63607,5032,Tom Gordon
63607,5040,Liz Jarvis
63607,5066,Steve Darling
63607,5070,Lisa Smart
63607,5078,Pippa Heylings
63607,5085,Llinos Medi
63607,5086,Josh Babarinde
63607,5090,Tom Morrison
63607,5096,Ian Sollom
63607,5102,Carla Denyer
63607,5103,Luke Taylor
63607,5111,Martin Wrigley
63607,5122,Manuela Perteghella
63607,5138,Ian Roome
63607,5140,Claire Young
63607,5157,Susan Murray
63607,5177,Ann Davies
63607,5182,Charlotte Cane
63607,5191,Adam Dance
63607,5198,Chris Coghlan
63607,5201,Victoria Collins
63607,5207,Clive Jones
63607,5214,Brian Mathew
63607,5216,Caroline Voaden
63607,5239,Sarah Gibson
63607,5249,Ellie Chowns
63607,5250,Gideon Amos
63607,5252,Rachel Gilmour
63607,5265,James MacCleary
63607,5283,Alison Bennett
63607,5284,David Chadwick
63607,5286,Anna Sabine
63607,5288,Dr Al Pinkerton
63607,5296,Freddie van Mierlo
63607,5299,Monica Harding
63607,5304,Dr Danny Chambers
63607,5310,Mr Lee Dillon
63607,5313,Zöe Franklin
63607,5314,Siân Berry
63607,5318,Olly Glover
63607,5320,Adrian Ramsay
63607,5321,Mr Paul Kohler
63607,5322,Mr Will Forster
63607,5326,Edward Morello
63607,5327,Vikki Slade
63607,5329,John Milne
63607,5335,Jess Brown-Fuller
63607,5336,Helen Maguire
63607,5343,Mr Joshua Reynolds
63607,5346,Calum Miller
63607,5352,Dr Roz Savage
63607,5357,Ayoub Khan
63607,5362,Mr Angus MacDonald
63644,1440,Pete Wishart
63644,1442,Mr Alistair Carmichael
63644,1591,Tim Farron
63644,165,Clive Efford
63644,172,Ms Diane Abbott
63644,178,John McDonnell
63644,185,Jeremy Corbyn
63644,227,Andrew George
63644,394,Mr Clive Betts
63644,4089,Tessa Munt
63644,410,Jon Trickett
63644,4126,Mary Glindon
63644,4139,Ian Lavery
63644,4269,Andy McDonald
63644,4277,Emma Lewell
63644,4371,Brendan O'Hara
63644,4394,Imran Hussain
63644,4403,Chris Law
63644,4434,Stephen Gethins
63644,4436,Cat Smith
63644,4471,Rachael Maskell
63644,4493,Richard Burgon
63644,4500,Clive Lewis
63644,4521,Liz Saville Roberts
63644,4591,Sarah Olney
63644,4598,Mohammad Yasin
63644,4602,Wera Hobhouse
63644,4623,Tonia Antoniazzi
63644,4630,Ben Lake
63644,4634,Christine Jardine
63644,4656,Layla Moran
63644,4736,Dave Doogan
63644,4753,Mary Kelly Foy
63644,4764,Bell Ribeiro-Addy
63644,4769,Daisy Cooper
63644,4783,Kate Osborne
63644,4824,Kim Johnson
63644,4827,Claire Hanna
63644,4831,Ian Byrne
63644,4846,Colum Eastwood
63644,4864,Olivia Blake
63644,4869,Nadia Whittome
63644,4942,Richard Foord
63644,5030,Dr Simon Opher
63644,5040,Liz Jarvis
63644,5057,Douglas McAllister
63644,5066,Steve Darling
63644,5078,Pippa Heylings
63644,5085,Llinos Medi
63644,5090,Tom Morrison
63644,5102,Carla Denyer
63644,5103,Luke Taylor
63644,5110,Euan Stainbank
63644,5120,Shockat Adam
63644,5122,Manuela Perteghella
63644,5125,Sorcha Eastwood
63644,5138,Ian Roome
63644,5140,Claire Young
63644,5142,Abtisam Mohamed
63644,5164,Steff Aquarone
63644,5177,Ann Davies
63644,5188,Tracy Gilbert
63644,5190,Patricia Ferguson
63644,5191,Adam Dance
63644,5198,Chris Coghlan
63644,5201,Victoria Collins
63644,5206,Elaine Stewart
63644,5207,Clive Jones
63644,5214,Brian Mathew
63644,5219,Mike Martin
63644,5221,Steve Witherden
63644,5231,Mr Adnan Hussain
63644,5232,Lorraine Beavers
63644,5244,Chris Hinchliff
63644,5249,Ellie Chowns
63644,5251,Martin Rhodes
63644,5253,Richard Baker
63644,5265,James MacCleary
63644,5268,Iqbal Mohamed
63644,5273,Connor Naismith
63644,5277,Graham Leadbitter
63644,5280,Seamus Logan
63644,5283,Alison Bennett
63644,5304,Dr Danny Chambers
63644,5310,Mr Lee Dillon
63644,5313,Zöe Franklin
63644,5314,Siân Berry
63644,5320,Adrian Ramsay
63644,5326,Edward Morello
63644,5329,John Milne
63644,5346,Calum Miller
63644,5350,Ben Maguire
63644,5357,Ayoub Khan
63644,5359,Neil Duncan-Jordan
63644,5362,Mr Angus MacDonald
63646,4602,Wera Hobhouse
63646,4634,Christine Jardine
63646,4765,Wendy Chamberlain
63646,4769,Daisy Cooper
63646,4995,Sarah Dyke
63646,5032,Tom Gordon
63646,5066,Steve Darling
63646,5070,Lisa Smart
63646,5090,Tom Morrison
63646,5096,Ian Sollom
63646,5111,Martin Wrigley
63646,5157,Susan Murray
63646,5182,Charlotte Cane
63646,5191,Adam Dance
63646,5201,Victoria Collins
63646,5207,Clive Jones
63646,5249,Ellie Chowns
63646,5322,Mr Will Forster
63646,5327,Vikki Slade
63646,5336,Helen Maguire
63646,5343,Mr Joshua Reynolds
63646,5350,Ben Maguire
63646,5352,Dr Roz Savage
63646,5362,Mr Angus MacDonald
63690,1440,Pete Wishart
63690,178,John McDonnell
63690,185,Jeremy Corbyn
63690,410,Jon Trickett
63690,4357,Kirsty Blackman
63690,4371,Brendan O'Hara
63690,4403,Chris Law
63690,4434,Stephen Gethins
63690,4471,Rachael Maskell
63690,4493,Richard Burgon
63690,4521,Liz Saville Roberts
63690,4630,Ben Lake
63690,4735,Stephen Flynn
63690,4736,Dave Doogan
63690,4753,Mary Kelly Foy
63690,4790,Apsana Begum
63690,4824,Kim Johnson
63690,4827,Claire Hanna
63690,4846,Colum Eastwood
63690,4869,Nadia Whittome
63690,5030,Dr Simon Opher
63690,5085,Llinos Medi
63690,5108,Sam Rushworth
63690,5120,Shockat Adam
63690,5125,Sorcha Eastwood
63690,5177,Ann Davies
63690,5196,Brian Leishman
63690,5200,Kenneth Stevenson
63690,5221,Steve Witherden
63690,5231,Mr Adnan Hussain
63690,5249,Ellie Chowns
63690,5268,Iqbal Mohamed
63690,5277,Graham Leadbitter
63690,5280,Seamus Logan
63690,5320,Adrian Ramsay
63690,5357,Ayoub Khan
63690,5359,Neil Duncan-Jordan
63768,1442,Mr Alistair Carmichael
63768,1591,Tim Farron
63768,188,Ed Davey
63768,227,Andrew George
63768,4089,Tessa Munt
63768,4471,Rachael Maskell
63768,4591,Sarah Olney
63768,4602,Wera Hobhouse
63768,4612,Jamie Stone
63768,4630,Ben Lake
63768,4634,Christine Jardine
63768,4656,Layla Moran
63768,4765,Wendy Chamberlain
63768,4769,Daisy Cooper
63768,4776,Munira Wilson
63768,4918,Sarah Green
63768,4934,Helen Morgan
63768,4942,Richard Foord
63768,4995,Sarah Dyke
63768,5032,Tom Gordon
63768,5040,Liz Jarvis
63768,5055,Max Wilkinson
63768,5066,Steve Darling
63768,5070,Lisa Smart
63768,5073,Marie Goldman
63768,5078,Pippa Heylings
63768,5083,Bobby Dean
63768,5086,Josh Babarinde
63768,5090,Tom Morrison
63768,5096,Ian Sollom
63768,5103,Luke Taylor
63768,5111,Martin Wrigley
63768,5122,Manuela Perteghella
63768,5138,Ian Roome
63768,5140,Claire Young
63768,5157,Susan Murray
63768,5164,Steff Aquarone
63768,5182,Charlotte Cane
63768,5191,Adam Dance
63768,5198,Chris Coghlan
63768,5201,Victoria Collins
63768,5207,Clive Jones
63768,5214,Brian Mathew
63768,5216,Caroline Voaden
63768,5219,Mike Martin
63768,5239,Sarah Gibson
63768,5249,Ellie Chowns
63768,5250,Gideon Amos
63768,5252,Rachel Gilmour
63768,5263,Alex Brewer
63768,5265,James MacCleary
63768,5283,Alison Bennett
63768,5284,David Chadwick
63768,5286,Anna Sabine
63768,5288,Dr Al Pinkerton
63768,5296,Freddie van Mierlo
63768,5299,Monica Harding
63768,5304,Dr Danny Chambers
63768,5310,Mr Lee Dillon
63768,5313,Zöe Franklin
63768,5314,Siân Berry
63768,5318,Olly Glover
63768,5321,Mr Paul Kohler
63768,5322,Mr Will Forster
63768,5325,Charlie Maynard
63768,5326,Edward Morello
63768,5327,Vikki Slade
63768,5329,John Milne
63768,5335,Jess Brown-Fuller
63768,5336,Helen Maguire
63768,5343,Mr Joshua Reynolds
63768,5346,Calum Miller
63768,5350,Ben Maguire
63768,5352,Dr Roz Savage
63768,5354,Cameron Thomas
63768,5362,Mr Angus MacDonald
63775,1440,Pete Wishart
63775,1442,Mr Alistair Carmichael
63775,172,Ms Diane Abbott
63775,185,Jeremy Corbyn
63775,227,Andrew George
63775,3973,Grahame Morris
63775,4089,Tessa Munt
63775,4139,Ian Lavery
63775,4269,Andy McDonald
63775,4371,Brendan O'Hara
63775,4394,Imran Hussain
63775,4403,Chris Law
63775,4436,Cat Smith
63775,4471,Rachael Maskell
63775,4493,Richard Burgon
63775,4521,Liz Saville Roberts
63775,4598,Mohammad Yasin
63775,4612,Jamie Stone
63775,4630,Ben Lake
63775,4656,Layla Moran
63775,4753,Mary Kelly Foy
63775,4764,Bell Ribeiro-Addy
63775,4765,Wendy Chamberlain
63775,4783,Kate Osborne
63775,4790,Apsana Begum
63775,4824,Kim Johnson
63775,4827,Claire Hanna
63775,4831,Ian Byrne
63775,4846,Colum Eastwood
63775,4864,Olivia Blake
63775,4869,Nadia Whittome
63775,4942,Richard Foord
63775,4995,Sarah Dyke
63775,5030,Dr Simon Opher
63775,5032,Tom Gordon
63775,5070,Lisa Smart
63775,5078,Pippa Heylings
63775,5085,Llinos Medi
63775,5090,Tom Morrison
63775,5110,Euan Stainbank
63775,5111,Martin Wrigley
63775,5120,Shockat Adam
63775,5138,Ian Roome
63775,5142,Abtisam Mohamed
63775,5157,Susan Murray
63775,5177,Ann Davies
63775,5182,Charlotte Cane
63775,5190,Patricia Ferguson
63775,5191,Adam Dance
63775,5196,Brian Leishman
63775,5198,Chris Coghlan
63775,5214,Brian Mathew
63775,5215,Naushabah Khan
63775,5232,Lorraine Beavers
63775,5249,Ellie Chowns
63775,5265,James MacCleary
63775,5268,Iqbal Mohamed
63775,5277,Graham Leadbitter
63775,5280,Seamus Logan
63775,5293,Cat Eccles
63775,5304,Dr Danny Chambers
63775,5314,Siân Berry
63775,5320,Adrian Ramsay
63775,5321,Mr Paul Kohler
63775,5322,Mr Will Forster
63775,5325,Charlie Maynard
63775,5327,Vikki Slade
63775,5335,Jess Brown-Fuller
63775,5336,Helen Maguire
63775,5345,Peter Lamb
63775,5357,Ayoub Khan
63775,5359,Neil Duncan-Jordan
63775,5362,Mr Angus MacDonald
63809,1440,Pete Wishart
63809,1489,Dawn Butler
63809,1506,Andrew Gwynne
63809,172,Ms Diane Abbott
63809,178,John McDonnell
63809,185,Jeremy Corbyn
63809,227,Andrew George
63809,3973,Grahame Morris
63809,410,Jon Trickett
63809,4139,Ian Lavery
63809,4269,Andy McDonald
63809,4371,Brendan O'Hara
63809,4394,Imran Hussain
63809,4403,Chris Law
63809,4436,Cat Smith
63809,4471,Rachael Maskell
63809,4493,Richard Burgon
63809,4500,Clive Lewis
63809,4521,Liz Saville Roberts
63809,4598,Mohammad Yasin
63809,4630,Ben Lake
63809,4753,Mary Kelly Foy
63809,4764,Bell Ribeiro-Addy
63809,4790,Apsana Begum
63809,4824,Kim Johnson
63809,4827,Claire Hanna
63809,4831,Ian Byrne
63809,4846,Colum Eastwood
63809,4864,Olivia Blake
63809,4869,Nadia Whittome
63809,5085,Llinos Medi
63809,5102,Carla Denyer
63809,5120,Shockat Adam
63809,5125,Sorcha Eastwood
63809,5142,Abtisam Mohamed
63809,5177,Ann Davies
63809,5196,Brian Leishman
63809,5221,Steve Witherden
63809,5231,Mr Adnan Hussain
63809,5244,Chris Hinchliff
63809,5249,Ellie Chowns
63809,5268,Iqbal Mohamed
63809,5293,Cat Eccles
63809,5314,Siân Berry
63809,5345,Peter Lamb
63809,5357,Ayoub Khan
63809,5359,Neil Duncan-Jordan
63809,5362,Mr Angus MacDonald
63843,1171,Liam Byrne
63843,1489,Dawn Butler
63843,1506,Andrew Gwynne
63843,172,Ms Diane Abbott
63843,178,John McDonnell
63843,185,Jeremy Corbyn
63843,227,Andrew George
63843,3924,Yasmin Qureshi
63843,394,Mr Clive Betts
63843,3973,Grahame Morris
63843,4076,Valerie Vaz
63843,410,Jon Trickett
63843,4139,Ian Lavery
63843,4212,Debbie Abrahams
63843,4269,Andy McDonald
63843,4371,Brendan O'Hara
63843,4394,Imran Hussain
63843,4396,Rebecca Long Bailey
63843,4403,Chris Law
63843,4409,Naz Shah
63843,4436,Cat Smith
63843,4471,Rachael Maskell
63843,4493,Richard Burgon
63843,4500,Clive Lewis
63843,4515,Kate Osamor
63843,4521,Liz Saville Roberts
63843,4571,Gill Furniss
63843,4598,Mohammad Yasin
63843,4602,Wera Hobhouse
63843,4612,Jamie Stone
63843,4630,Ben Lake
63843,4671,Afzal Khan
63843,4736,Dave Doogan
63843,4747,Tahir Ali
63843,4753,Mary Kelly Foy
63843,4764,Bell Ribeiro-Addy
63843,4769,Daisy Cooper
63843,4776,Munira Wilson
63843,4783,Kate Osborne
63843,4790,Apsana Begum
63843,4824,Kim Johnson
63843,4827,Claire Hanna
63843,4828,Paula Barker
63843,4831,Ian Byrne
63843,4846,Colum Eastwood
63843,4864,Olivia Blake
63843,4869,Nadia Whittome
63843,4918,Sarah Green
63843,4942,Richard Foord
63843,5030,Dr Simon Opher
63843,5043,Lillian Jones
63843,5055,Max Wilkinson
63843,5070,Lisa Smart
63843,5078,Pippa Heylings
63843,5085,Llinos Medi
63843,5086,Josh Babarinde
63843,5090,Tom Morrison
63843,5103,Luke Taylor
63843,5108,Sam Rushworth
63843,5111,Martin Wrigley
63843,5120,Shockat Adam
63843,5121,Henry Tufnell
63843,5125,Sorcha Eastwood
63843,5138,Ian Roome
63843,5142,Abtisam Mohamed
63843,5144,Richard Quigley
63843,5155,Chris Kane
63843,5177,Ann Davies
63843,5183,Frank McNally
63843,5188,Tracy Gilbert
63843,5190,Patricia Ferguson
63843,5191,Adam Dance
63843,5196,Brian Leishman
63843,5201,Victoria Collins
63843,5207,Clive Jones
63843,5216,Caroline Voaden
63843,5221,Steve Witherden
63843,5230,Warinder Juss
63843,5231,Mr Adnan Hussain
63843,5232,Lorraine Beavers
63843,5239,Sarah Gibson
63843,5244,Chris Hinchliff
63843,5249,Ellie Chowns
63843,5251,Martin Rhodes
63843,5263,Alex Brewer
63843,5265,James MacCleary
63843,5268,Iqbal Mohamed
63843,5272,Margaret Mullane
63843,5273,Connor Naismith
63843,5277,Graham Leadbitter
63843,5286,Anna Sabine
63843,5293,Cat Eccles
63843,5299,Monica Harding
63843,5310,Mr Lee Dillon
63843,5314,Siân Berry
63843,5318,Olly Glover
63843,5320,Adrian Ramsay
63843,5321,Mr Paul Kohler
63843,5322,Mr Will Forster
63843,5325,Charlie Maynard
63843,5326,Edward Morello
63843,5327,Vikki Slade
63843,5336,Helen Maguire
63843,5343,Mr Joshua Reynolds
63843,5345,Peter Lamb
63843,5346,Calum Miller
63843,5350,Ben Maguire
63843,5357,Ayoub Khan
63843,5359,Neil Duncan-Jordan
63843,5362,Mr Angus MacDonald
63862,4371,Brendan O'Hara
63862,4403,Chris Law
63862,4434,Stephen Gethins
63862,4471,Rachael Maskell
63862,4765,Wendy Chamberlain
63862,4790,Apsana Begum
63862,5249,Ellie Chowns
63862,5277,Graham Leadbitter
63862,5320,Adrian Ramsay
63862,5357,Ayoub Khan
63862,5362,Mr Angus MacDonald
63886,178,John McDonnell
63886,185,Jeremy Corbyn
63886,4471,Rachael Maskell
63886,4764,Bell Ribeiro-Addy
63886,4790,Apsana Begum
63886,5120,Shockat Adam
63886,5196,Brian Leishman
63886,5249,Ellie Chowns
63886,5320,Adrian Ramsay
63886,5345,Peter Lamb
63886,5357,Ayoub Khan
63886,5359,Neil Duncan-Jordan
63888,227,Andrew George
63888,4089,Tessa Munt
63888,410,Jon Trickett
63888,4471,Rachael Maskell
63888,4521,Liz Saville Roberts
63888,4602,Wera Hobhouse
63888,4612,Jamie Stone
63888,4630,Ben Lake
63888,4765,Wendy Chamberlain
63888,4776,Munira Wilson
63888,4790,Apsana Begum
63888,4934,Helen Morgan
63888,4995,Sarah Dyke
63888,5040,Liz Jarvis
63888,5055,Max Wilkinson
63888,5078,Pippa Heylings
63888,5085,Llinos Medi
63888,5086,Josh Babarinde
63888,5090,Tom Morrison
63888,5096,Ian Sollom
63888,5103,Luke Taylor
63888,5111,Martin Wrigley
63888,5120,Shockat Adam
63888,5122,Manuela Perteghella
63888,5138,Ian Roome
63888,5157,Susan Murray
63888,5177,Ann Davies
63888,5182,Charlotte Cane
63888,5191,Adam Dance
63888,5196,Brian Leishman
63888,5207,Clive Jones
63888,5214,Brian Mathew
63888,5249,Ellie Chowns
63888,5250,Gideon Amos
63888,5265,James MacCleary
63888,5283,Alison Bennett
63888,5284,David Chadwick
63888,5286,Anna Sabine
63888,5299,Monica Harding
63888,5314,Siân Berry
63888,5322,Mr Will Forster
63888,5329,John Milne
63888,5335,Jess Brown-Fuller
63888,5336,Helen Maguire
63888,5343,Mr Joshua Reynolds
63888,5359,Neil Duncan-Jordan
63888,5362,Mr Angus MacDonald
63973,185,Jeremy Corbyn
63973,227,Andrew George
63973,4471,Rachael Maskell
63973,5120,Shockat Adam
63973,5231,Mr Adnan Hussain
63973,5249,Ellie Chowns
63973,5268,Iqbal Mohamed
63973,5357,Ayoub Khan
63988,1447,Andrew Rosindell
63988,1593,Sammy Wilson
63988,4005,Bob Blackman
63988,5158,Rupert Lowe
63988,5340,Jack Rankin
63988,5361,James McMurdock
64020,172,Ms Diane Abbott
64020,178,John McDonnell
64020,185,Jeremy Corbyn
64020,410,Jon Trickett
64020,4139,Ian Lavery
64020,4269,Andy McDonald
64020,4371,Brendan O'Hara
64020,4394,Imran Hussain
64020,4403,Chris Law
64020,4471,Rachael Maskell
64020,4493,Richard Burgon
64020,4790,Apsana Begum
64020,4824,Kim Johnson
64020,4831,Ian Byrne
64020,4846,Colum Eastwood
64020,4869,Nadia Whittome
64020,5142,Abtisam Mohamed
64020,5196,Brian Leishman
64020,5232,Lorraine Beavers
64020,5249,Ellie Chowns
64020,5268,Iqbal Mohamed
64020,5280,Seamus Logan
64020,5314,Siân Berry
64020,5345,Peter Lamb
64020,5357,Ayoub Khan
64020,5359,Neil Duncan-Jordan
64031,1409,Mr Gregory Campbell
64031,1447,Andrew Rosindell
64031,4005,Bob Blackman
64031,4131,Jim Shannon
64031,4360,Gavin Robinson
64031,4857,Carla Lockhart
64031,5356,Jim Allister
64079,1442,Mr Alistair Carmichael
64079,1593,Sammy Wilson
64079,178,John McDonnell
64079,185,Jeremy Corbyn
64079,227,Andrew George
64079,410,Jon Trickett
64079,4131,Jim Shannon
64079,4403,Chris Law
64079,4436,Cat Smith
64079,4471,Rachael Maskell
64079,4500,Clive Lewis
64079,4521,Liz Saville Roberts
64079,4591,Sarah Olney
64079,4602,Wera Hobhouse
64079,4612,Jamie Stone
64079,4630,Ben Lake
64079,4634,Christine Jardine
64079,4656,Layla Moran
64079,473,Sir Mark Hendrick
64079,4764,Bell Ribeiro-Addy
64079,4765,Wendy Chamberlain
64079,4769,Daisy Cooper
64079,4790,Apsana Begum
64079,4824,Kim Johnson
64079,4827,Claire Hanna
64079,4846,Colum Eastwood
64079,4995,Sarah Dyke
64079,5030,Dr Simon Opher
64079,5032,Tom Gordon
64079,5040,Liz Jarvis
64079,5066,Steve Darling
64079,5070,Lisa Smart
64079,5073,Marie Goldman
64079,5078,Pippa Heylings
64079,5085,Llinos Medi
64079,5090,Tom Morrison
64079,5103,Luke Taylor
64079,5120,Shockat Adam
64079,5122,Manuela Perteghella
64079,5125,Sorcha Eastwood
64079,5137,Maureen Burke
64079,5138,Ian Roome
64079,5140,Claire Young
64079,5168,Adam Jogee
64079,5177,Ann Davies
64079,5191,Adam Dance
64079,5198,Chris Coghlan
64079,5206,Elaine Stewart
64079,5207,Clive Jones
64079,5214,Brian Mathew
64079,5239,Sarah Gibson
64079,5249,Ellie Chowns
64079,5250,Gideon Amos
64079,5251,Martin Rhodes
64079,5252,Rachel Gilmour
64079,5263,Alex Brewer
64079,5268,Iqbal Mohamed
64079,5280,Seamus Logan
64079,5283,Alison Bennett
64079,5284,David Chadwick
64079,5286,Anna Sabine
64079,5288,Dr Al Pinkerton
64079,5296,Freddie van Mierlo
64079,5310,Mr Lee Dillon
64079,5313,Zöe Franklin
64079,5314,Siân Berry
64079,5318,Olly Glover
64079,5320,Adrian Ramsay
64079,5321,Mr Paul Kohler
64079,5322,Mr Will Forster
64079,5326,Edward Morello
64079,5327,Vikki Slade
64079,5329,John Milne
64079,5335,Jess Brown-Fuller
64079,5336,Helen Maguire
64079,5350,Ben Maguire
64079,5352,Dr Roz Savage
64079,5357,Ayoub Khan
64079,5359,Neil Duncan-Jordan
64079,5362,Mr Angus MacDonald
64142,185,Jeremy Corbyn
64142,227,Andrew George
64142,4403,Chris Law
64142,4471,Rachael Maskell
64142,4521,Liz Saville Roberts
64142,4630,Ben Lake
64142,4827,Claire Hanna
64142,5057,Douglas McAllister
64142,5085,Llinos Medi
64142,5102,Carla Denyer
64142,5120,Shockat Adam
64142,5177,Ann Davies
64142,5183,Frank McNally
64142,5190,Patricia Ferguson
64142,5196,Brian Leishman
64142,5249,Ellie Chowns
64142,5314,Siân Berry
64142,5320,Adrian Ramsay
64142,5345,Peter Lamb
64152,178,John McDonnell
64152,4403,Chris Law
64152,4471,Rachael Maskell
64152,4521,Liz Saville Roberts
64152,4630,Ben Lake
64152,4790,Apsana Begum
64152,5085,Llinos Medi
64152,5102,Carla Denyer
64152,5120,Shockat Adam
64152,5177,Ann Davies
64152,5249,Dr Ellie Chowns
64152,5280,Seamus Logan
64152,5314,Siân Berry
64152,5359,Neil Duncan-Jordan
64205,188,Ed Davey
64205,227,Andrew George
64205,4521,Liz Saville Roberts
64205,4591,Sarah Olney
64205,4602,Wera Hobhouse
64205,4612,Jamie Stone
64205,4630,Ben Lake
64205,4634,Christine Jardine
64205,4656,Layla Moran
64205,4765,Wendy Chamberlain
64205,4776,Munira Wilson
64205,4918,Sarah Green
64205,4934,Helen Morgan
64205,4942,Richard Foord
64205,4995,Sarah Dyke
64205,5032,Tom Gordon
64205,5066,Steve Darling
64205,5070,Lisa Smart
64205,5073,Marie Goldman
64205,5085,Llinos Medi
64205,5090,Tom Morrison
64205,5096,Ian Sollom
64205,5103,Luke Taylor
64205,5111,Martin Wrigley
64205,5140,Claire Young
64205,5164,Steff Aquarone
64205,5177,Ann Davies
64205,5182,Charlotte Cane
64205,5191,Adam Dance
64205,5207,Clive Jones
64205,5214,Brian Mathew
64205,5216,Caroline Voaden
64205,5239,Sarah Gibson
64205,5249,Dr Ellie Chowns
64205,5250,Gideon Amos
64205,5265,James MacCleary
64205,5284,David Chadwick
64205,5288,Dr Al Pinkerton
64205,5296,Freddie van Mierlo
64205,5299,Monica Harding
64205,5310,Mr Lee Dillon
64205,5313,Zöe Franklin
64205,5321,Mr Paul Kohler
64205,5322,Mr Will Forster
64205,5327,Vikki Slade
64205,5329,John Milne
64205,5335,Jess Brown-Fuller
64205,5336,Helen Maguire
64205,5343,Mr Joshua Reynolds
64205,5346,Calum Miller
64205,5352,Dr Roz Savage
64205,5354,Cameron Thomas
64205,5362,Mr Angus MacDonald
64210,1440,Pete Wishart
64210,178,John McDonnell
64210,185,Jeremy Corbyn
64210,227,Andrew George
64210,3973,Grahame Morris
64210,410,Jon Trickett
64210,4371,Brendan O'Hara
64210,4394,Imran Hussain
64210,4403,Chris Law
64210,4471,Rachael Maskell
64210,4493,Richard Burgon
64210,4521,Liz Saville Roberts
64210,4630,Ben Lake
64210,4753,Mary Kelly Foy
64210,4764,Bell Ribeiro-Addy
64210,4790,Apsana Begum
64210,4824,Kim Johnson
64210,4831,Ian Byrne
64210,4846,Colum Eastwood
64210,4869,Nadia Whittome
64210,5085,Llinos Medi
64210,5102,Carla Denyer
64210,5120,Shockat Adam
64210,5177,Ann Davies
64210,5201,Victoria Collins
64210,5221,Steve Witherden
64210,5231,Mr Adnan Hussain
64210,5232,Lorraine Beavers
64210,5249,Dr Ellie Chowns
64210,5268,Iqbal Mohamed
64210,5280,Seamus Logan
64210,5314,Siân Berry
64210,5320,Adrian Ramsay
64210,5357,Ayoub Khan
64210,5359,Neil Duncan-Jordan
64210,5362,Mr Angus MacDonald
64212,1506,Andrew Gwynne
64212,172,Ms Diane Abbott
64212,185,Jeremy Corbyn
64212,227,Andrew George
64212,410,Jon Trickett
64212,4269,Andy McDonald
64212,4371,Brendan O'Hara
64212,4394,Imran Hussain
64212,4403,Chris Law
64212,4436,Cat Smith
64212,4491,Vicky Foxcroft
64212,4493,Richard Burgon
64212,4521,Liz Saville Roberts
64212,4591,Sarah Olney
64212,4602,Wera Hobhouse
64212,4630,Ben Lake
64212,4634,Christine Jardine
64212,4753,Mary Kelly Foy
64212,4764,Bell Ribeiro-Addy
64212,4765,Wendy Chamberlain
64212,4783,Kate Osborne
64212,4790,Apsana Begum
64212,4824,Kim Johnson
64212,4869,Nadia Whittome
64212,5030,Dr Simon Opher
64212,5055,Max Wilkinson
64212,5070,Lisa Smart
64212,5078,Pippa Heylings
64212,5085,Llinos Medi
64212,5090,Tom Morrison
64212,5102,Carla Denyer
64212,5103,Luke Taylor
64212,5110,Euan Stainbank
64212,5111,Martin Wrigley
64212,5120,Shockat Adam
64212,5142,Abtisam Mohamed
64212,5157,Susan Murray
64212,5177,Ann Davies
64212,5182,Charlotte Cane
64212,5191,Adam Dance
64212,5196,Brian Leishman
64212,5198,Chris Coghlan
64212,5201,Victoria Collins
64212,5207,Clive Jones
64212,5216,Caroline Voaden
64212,5221,Steve Witherden
64212,5249,Dr Ellie Chowns
64212,5265,James MacCleary
64212,5277,Graham Leadbitter
64212,5283,Alison Bennett
64212,5293,Cat Eccles
64212,5304,Dr Danny Chambers
64212,5314,Siân Berry
64212,5318,Olly Glover
64212,5335,Jess Brown-Fuller
64212,5345,Peter Lamb
64212,5346,Calum Miller
64212,5350,Ben Maguire
64212,5357,Ayoub Khan
64212,5359,Neil Duncan-Jordan
64212,5362,Mr Angus MacDonald
64218,227,Andrew George
64218,4403,Chris Law
64218,4471,Rachael Maskell
64218,4765,Wendy Chamberlain
64218,5102,Carla Denyer
64218,5120,Shockat Adam
64218,5231,Mr Adnan Hussain
64218,5249,Dr Ellie Chowns
64218,5268,Iqbal Mohamed
64218,5314,Siân Berry
64218,5357,Ayoub Khan
64252,172,Ms Diane Abbott
64252,178,John McDonnell
64252,185,Jeremy Corbyn
64252,410,Jon Trickett
64252,4139,Ian Lavery
64252,4269,Andy McDonald
64252,4371,Brendan O'Hara
64252,4394,Imran Hussain
64252,4471,Rachael Maskell
64252,4493,Richard Burgon
64252,4500,Clive Lewis
64252,4521,Liz Saville Roberts
64252,4598,Mohammad Yasin
64252,4630,Ben Lake
64252,4736,Dave Doogan
64252,4753,Mary Kelly Foy
64252,4764,Bell Ribeiro-Addy
64252,4783,Kate Osborne
64252,4790,Apsana Begum
64252,4824,Kim Johnson
64252,4827,Claire Hanna
64252,4831,Ian Byrne
64252,4846,Colum Eastwood
64252,4864,Olivia Blake
64252,4869,Nadia Whittome
64252,5030,Dr Simon Opher
64252,5085,Llinos Medi
64252,5102,Carla Denyer
64252,5125,Sorcha Eastwood
64252,5177,Ann Davies
64252,5196,Brian Leishman
64252,5221,Steve Witherden
64252,5244,Chris Hinchliff
64252,5249,Ellie Chowns
64252,5268,Iqbal Mohamed
64252,5293,Cat Eccles
64252,5314,Siân Berry
64252,5320,Adrian Ramsay
64252,5345,Peter Lamb
64252,5357,Ayoub Khan
64252,5359,Neil Duncan-Jordan
64272,227,Andrew George
64272,4403,Chris Law
64272,4471,Rachael Maskell
64272,4521,Liz Saville Roberts
64272,4602,Wera Hobhouse
64272,4630,Ben Lake
64272,4634,Christine Jardine
64272,4790,Apsana Begum
64272,4918,Sarah Green
64272,4934,Helen Morgan
64272,4995,Sarah Dyke
64272,5032,Tom Gordon
64272,5040,Liz Jarvis
64272,5066,Steve Darling
64272,5070,Lisa Smart
64272,5078,Pippa Heylings
64272,5085,Llinos Medi
64272,5090,Tom Morrison
64272,5102,Carla Denyer
64272,5140,Claire Young
64272,5177,Ann Davies
64272,5182,Charlotte Cane
64272,5207,Clive Jones
64272,5216,Caroline Voaden
64272,5239,Sarah Gibson
64272,5249,Dr Ellie Chowns
64272,5280,Seamus Logan
64272,5288,Dr Al Pinkerton
64272,5296,Freddie van Mierlo
64272,5299,Monica Harding
64272,5304,Dr Danny Chambers
64272,5310,Mr Lee Dillon
64272,5313,Zöe Franklin
64272,5320,Adrian Ramsay
64272,5321,Mr Paul Kohler
64272,5322,Mr Will Forster
64272,5326,Edward Morello
64272,5327,Vikki Slade
64272,5335,Jess Brown-Fuller
64272,5336,Helen Maguire
64272,5343,Mr Joshua Reynolds
64272,5352,Dr Roz Savage
64272,5354,Cameron Thomas
64272,5359,Neil Duncan-Jordan
64272,5362,Mr Angus MacDonald
64279,185,Jeremy Corbyn
64279,227,Andrew George
64279,4403,Chris Law
64279,4471,Rachael Maskell
64279,4493,Richard Burgon
64279,4521,Liz Saville Roberts
64279,4630,Ben Lake
64279,4790,Apsana Begum
64279,5085,Llinos Medi
64279,5102,Carla Denyer
64279,5120,Shockat Adam
64279,5122,Manuela Perteghella
64279,5177,Ann Davies
64279,5196,Brian Leishman
64279,5249,Dr Ellie Chowns
64279,5268,Iqbal Mohamed
64279,5314,Siân Berry
64279,5320,Adrian Ramsay
64279,5357,Ayoub Khan
64279,5359,Neil Duncan-Jordan
64295,5120,Shockat Adam
64295,5249,Dr Ellie Chowns
64295,5357,Ayoub Khan
64314,178,John McDonnell
64314,185,Jeremy Corbyn
64314,4521,Liz Saville Roberts
64314,5102,Carla Denyer
64314,5120,Shockat Adam
64314,5196,Brian Leishman
64314,5249,Dr Ellie Chowns
64314,5268,Iqbal Mohamed
64314,5314,Siân Berry
64314,5320,Adrian Ramsay
64387,227,Andrew George
64387,410,Jon Trickett
64387,4471,Rachael Maskell
64387,4602,Wera Hobhouse
64387,4656,Layla Moran
64387,4765,Wendy Chamberlain
64387,4995,Sarah Dyke
64387,5066,Steve Darling
64387,5090,Tom Morrison
64387,5122,Manuela Perteghella
64387,5157,Susan Murray
64387,5182,Charlotte Cane
64387,5219,Mike Martin
64387,5249,Dr Ellie Chowns
64387,5288,Dr Al Pinkerton
64387,5296,Freddie van Mierlo
64387,5322,Mr Will Forster
64387,5350,Ben Maguire
64387,5352,Dr Roz Savage
64387,5357,Ayoub Khan
64387,5362,Mr Angus MacDonald
64550,1409,Mr Gregory Campbell
64550,4131,Jim Shannon
64550,5105,Jo White
64550,5112,Luke Akehurst
64550,5163,Peter Prinsley
64550,5321,Mr Paul Kohler
64550,5356,Jim Allister
64589,172,Ms Diane Abbott
64589,178,John McDonnell
64589,185,Jeremy Corbyn
64589,227,Andrew George
64589,4269,Andy McDonald
64589,4371,Brendan O'Hara
64589,4394,Imran Hussain
64589,4471,Rachael Maskell
64589,4493,Richard Burgon
64589,4500,Clive Lewis
64589,4521,Liz Saville Roberts
64589,4630,Ben Lake
64589,4764,Bell Ribeiro-Addy
64589,4790,Apsana Begum
64589,4824,Kim Johnson
64589,4831,Ian Byrne
64589,5085,Llinos Medi
64589,5102,Carla Denyer
64589,5120,Shockat Adam
64589,5177,Ann Davies
64589,5196,Brian Leishman
64589,5249,Dr Ellie Chowns
64589,5314,Siân Berry
64589,5320,Adrian Ramsay
64589,5359,Neil Duncan-Jordan
64733,227,Andrew George
64733,4602,Wera Hobhouse
64733,4634,Christine Jardine
64733,4765,Wendy Chamberlain
64733,4769,Daisy Cooper
64733,4776,Munira Wilson
64733,4934,Helen Morgan
64733,4942,Richard Foord
64733,4995,Sarah Dyke
64733,5040,Liz Jarvis
64733,5055,Max Wilkinson
64733,5070,Lisa Smart
64733,5078,Pippa Heylings
64733,5090,Tom Morrison
64733,5122,Manuela Perteghella
64733,5138,Ian Roome
64733,5140,Claire Young
64733,5157,Susan Murray
64733,5182,Charlotte Cane
64733,5201,Victoria Collins
64733,5207,Clive Jones
64733,5214,Brian Mathew
64733,5239,Sarah Gibson
64733,5250,Gideon Amos
64733,5252,Rachel Gilmour
64733,5263,Alex Brewer
64733,5265,James MacCleary
64733,5283,Alison Bennett
64733,5288,Dr Al Pinkerton
64733,5296,Freddie van Mierlo
64733,5299,Monica Harding
64733,5304,Dr Danny Chambers
64733,5310,Mr Lee Dillon
64733,5318,Olly Glover
64733,5322,Mr Will Forster
64733,5326,Edward Morello
64733,5327,Vikki Slade
64733,5329,John Milne
64733,5335,Jess Brown-Fuller
64733,5336,Helen Maguire
64733,5346,Calum Miller
64733,5352,Dr Roz Savage
64733,5362,Mr Angus MacDonald
64816,1440,Pete Wishart
64816,172,Ms Diane Abbott
64816,178,John McDonnell
64816,185,Jeremy Corbyn
64816,227,Andrew George
64816,3973,Grahame Morris
64816,410,Jon Trickett
64816,4139,Ian Lavery
64816,4269,Andy McDonald
64816,4357,Kirsty Blackman
64816,4371,Brendan O'Hara
64816,4394,Imran Hussain
64816,4403,Chris Law
64816,4436,Cat Smith
64816,4471,Rachael Maskell
64816,4493,Richard Burgon
64816,4500,Clive Lewis
64816,4521,Liz Saville Roberts
64816,4630,Ben Lake
64816,4735,Stephen Flynn
64816,4736,Dave Doogan
64816,4747,Tahir Ali
64816,4764,Bell Ribeiro-Addy
64816,4783,Kate Osborne
64816,4790,Apsana Begum
64816,4824,Kim Johnson
64816,4827,Claire Hanna
64816,4831,Ian Byrne
64816,4846,Colum Eastwood
64816,4864,Olivia Blake
64816,4869,Nadia Whittome
64816,5030,Dr Simon Opher
64816,5085,Llinos Medi
64816,5102,Carla Denyer
64816,5120,Shockat Adam
64816,5177,Ann Davies
64816,5196,Brian Leishman
64816,5221,Steve Witherden
64816,5232,Lorraine Beavers
64816,5244,Chris Hinchliff
64816,5249,Dr Ellie Chowns
64816,5268,Iqbal Mohamed
64816,5272,Margaret Mullane
64816,5277,Graham Leadbitter
64816,5280,Seamus Logan
64816,5293,Cat Eccles
64816,5314,Siân Berry
64816,5315,Lee Barron
64816,5320,Adrian Ramsay
64816,5345,Peter Lamb
64816,5357,Ayoub Khan
64816,5359,Neil Duncan-Jordan
64832,178,John McDonnell
64832,185,Jeremy Corbyn
64832,410,Jon Trickett
64832,4403,Chris Law
64832,4471,Rachael Maskell
64832,4493,Richard Burgon
64832,4790,Apsana Begum
64832,5280,Seamus Logan
64832,5359,Neil Duncan-Jordan
64865,185,Jeremy Corbyn
64865,227,Andrew George
64865,410,Jon Trickett
64865,4403,Chris Law
64865,4471,Rachael Maskell
64865,4493,Richard Burgon
64865,4500,Clive Lewis
64865,4521,Liz Saville Roberts
64865,4602,Wera Hobhouse
64865,4630,Ben Lake
64865,4765,Wendy Chamberlain
64865,4776,Munira Wilson
64865,4831,Ian Byrne
64865,4934,Helen Morgan
64865,4995,Sarah Dyke
64865,5040,Liz Jarvis
64865,5066,Steve Darling
64865,5078,Pippa Heylings
64865,5085,Llinos Medi
64865,5090,Tom Morrison
64865,5102,Carla Denyer
64865,5177,Ann Davies
64865,5182,Charlotte Cane
64865,5196,Brian Leishman
64865,5207,Clive Jones
64865,5214,Brian Mathew
64865,5249,Dr Ellie Chowns
64865,5265,James MacCleary
64865,5280,Seamus Logan
64865,5288,Dr Al Pinkerton
64865,5296,Freddie van Mierlo
64865,5304,Dr Danny Chambers
64865,5310,Mr Lee Dillon
64865,5313,Zöe Franklin
64865,5314,Siân Berry
64865,5320,Adrian Ramsay
64865,5322,Mr Will Forster
64865,5335,Jess Brown-Fuller
64865,5336,Helen Maguire
64865,5343,Mr Joshua Reynolds
64865,5357,Ayoub Khan
64865,5359,Neil Duncan-Jordan
64865,5362,Mr Angus MacDonald
64922,178,John McDonnell
64922,185,Jeremy Corbyn
64922,3973,Grahame Morris
64922,4269,Andy McDonald
64922,4394,Imran Hussain
64922,4403,Chris Law
64922,4457,Ms Marie Rimmer
64922,4471,Rachael Maskell
64922,4493,Richard Burgon
64922,4521,Liz Saville Roberts
64922,4630,Ben Lake
64922,4753,Mary Kelly Foy
64922,4790,Apsana Begum
64922,4824,Kim Johnson
64922,4831,Ian Byrne
64922,4869,Nadia Whittome
64922,5030,Dr Simon Opher
64922,5085,Llinos Medi
64922,5086,Josh Babarinde
64922,5102,Carla Denyer
64922,5120,Shockat Adam
64922,5142,Abtisam Mohamed
64922,5177,Ann Davies
64922,5196,Brian Leishman
64922,5221,Steve Witherden
64922,5244,Chris Hinchliff
64922,5249,Dr Ellie Chowns
64922,5314,Siân Berry
64922,5320,Adrian Ramsay
64922,5357,Ayoub Khan
64922,5359,Neil Duncan-Jordan
65057,227,Andrew George
65057,4089,Tessa Munt
65057,410,Jon Trickett
65057,4471,Rachael Maskell
65057,4500,Clive Lewis
65057,4521,Liz Saville Roberts
65057,4591,Sarah Olney
65057,4602,Wera Hobhouse
65057,4630,Ben Lake
65057,4656,Layla Moran
65057,4765,Wendy Chamberlain
65057,4769,Daisy Cooper
65057,4776,Munira Wilson
65057,4831,Ian Byrne
65057,4918,Sarah Green
65057,4934,Helen Morgan
65057,4995,Sarah Dyke
65057,5032,Tom Gordon
65057,5040,Liz Jarvis
65057,5055,Max Wilkinson
65057,5066,Steve Darling
65057,5073,Marie Goldman
65057,5078,Pippa Heylings
65057,5085,Llinos Medi
65057,5086,Josh Babarinde
65057,5090,Tom Morrison
65057,5096,Ian Sollom
65057,5102,Carla Denyer
65057,5103,Luke Taylor
65057,5111,Martin Wrigley
65057,5122,Manuela Perteghella
65057,5157,Susan Murray
65057,5164,Steff Aquarone
65057,5177,Ann Davies
65057,5196,Brian Leishman
65057,5198,Chris Coghlan
65057,5201,Victoria Collins
65057,5207,Clive Jones
65057,5214,Brian Mathew
65057,5216,Caroline Voaden
65057,5249,Dr Ellie Chowns
65057,5250,Gideon Amos
65057,5252,Rachel Gilmour
65057,5263,Alex Brewer
65057,5265,James MacCleary
65057,5277,Graham Leadbitter
65057,5280,Seamus Logan
65057,5284,David Chadwick
65057,5286,Anna Sabine
65057,5288,Dr Al Pinkerton
65057,5296,Freddie van Mierlo
65057,5299,Monica Harding
65057,5304,Dr Danny Chambers
65057,5310,Mr Lee Dillon
65057,5313,Zöe Franklin
65057,5314,Siân Berry
65057,5318,Olly Glover
65057,5320,Adrian Ramsay
65057,5321,Mr Paul Kohler
65057,5322,Mr Will Forster
65057,5325,Charlie Maynard
65057,5326,Edward Morello
65057,5327,Vikki Slade
65057,5329,John Milne
65057,5335,Jess Brown-Fuller
65057,5336,Helen Maguire
65057,5343,Mr Joshua Reynolds
65057,5350,Ben Maguire
65057,5352,Dr Roz Savage
65057,5354,Cameron Thomas
65057,5357,Ayoub Khan
65057,5359,Neil Duncan-Jordan
65057,5362,Mr Angus MacDonald
65227,227,Andrew George
65227,4471,Rachael Maskell
65227,4521,Liz Saville Roberts
65227,4630,Ben Lake
65227,4634,Christine Jardine
65227,5085,Llinos Medi
65227,5102,Carla Denyer
65227,5177,Ann Davies
65227,5249,Dr Ellie Chowns
65227,5314,Siân Berry
65227,5320,Adrian Ramsay
65227,5357,Ayoub Khan
65236,185,Jeremy Corbyn
65236,227,Andrew George
65236,4471,Rachael Maskell
65236,4521,Liz Saville Roberts
65236,4591,Sarah Olney
65236,4602,Wera Hobhouse
65236,4612,Jamie Stone
65236,4630,Ben Lake
65236,4634,Christine Jardine
65236,4656,Layla Moran
65236,4765,Wendy Chamberlain
65236,4776,Munira Wilson
65236,4918,Sarah Green
65236,4934,Helen Morgan
65236,4942,Richard Foord
65236,4995,Sarah Dyke
65236,5032,Tom Gordon
65236,5040,Liz Jarvis
65236,5066,Steve Darling
65236,5078,Pippa Heylings
65236,5085,Llinos Medi
65236,5086,Josh Babarinde
65236,5090,Tom Morrison
65236,5103,Luke Taylor
65236,5111,Martin Wrigley
65236,5138,Ian Roome
65236,5157,Susan Murray
65236,5177,Ann Davies
65236,5182,Charlotte Cane
65236,5191,Adam Dance
65236,5198,Chris Coghlan
65236,5201,Victoria Collins
65236,5207,Clive Jones
65236,5214,Brian Mathew
65236,5249,Dr Ellie Chowns
65236,5265,James MacCleary
65236,5284,David Chadwick
65236,5288,Dr Al Pinkerton
65236,5296,Freddie van Mierlo
65236,5299,Monica Harding
65236,5304,Dr Danny Chambers
65236,5310,Mr Lee Dillon
65236,5313,Zöe Franklin
65236,5318,Olly Glover
65236,5320,Adrian Ramsay
65236,5321,Mr Paul Kohler
65236,5322,Mr Will Forster
65236,5325,Charlie Maynard
65236,5326,Edward Morello
65236,5327,Vikki Slade
65236,5329,John Milne
65236,5335,Jess Brown-Fuller
65236,5336,Helen Maguire
65236,5343,Mr Joshua Reynolds
65236,5346,Calum Miller
65236,5350,Ben Maguire
65236,5352,Dr Roz Savage
65236,5354,Cameron Thomas
65236,5357,Ayoub Khan
65236,5362,Mr Angus MacDonald
65286,1440,Pete Wishart
65286,146,Barry Gardiner
65286,172,Ms Diane Abbott
65286,178,John McDonnell
65286,185,Jeremy Corbyn
65286,227,Andrew George
65286,3924,Yasmin Qureshi
65286,394,Mr Clive Betts
65286,3973,Grahame Morris
65286,410,Jon Trickett
65286,4126,Mary Glindon
65286,4139,Ian Lavery
65286,4269,Andy McDonald
65286,4357,Kirsty Blackman
65286,4371,Brendan O'Hara
65286,4394,Imran Hussain
65286,4396,Rebecca Long Bailey
65286,4403,Chris Law
65286,4434,Stephen Gethins
65286,4436,Cat Smith
65286,4471,Rachael Maskell
65286,4493,Richard Burgon
65286,4500,Clive Lewis
65286,4521,Liz Saville Roberts
65286,4571,Gill Furniss
65286,4598,Mohammad Yasin
65286,4602,Wera Hobhouse
65286,4630,Ben Lake
65286,4634,Christine Jardine
65286,4656,Layla Moran
65286,4658,Alex Sobel
65286,4736,Dave Doogan
65286,4753,Mary Kelly Foy
65286,4764,Bell Ribeiro-Addy
65286,4783,Kate Osborne
65286,4790,Apsana Begum
65286,4824,Kim Johnson
65286,4827,Claire Hanna
65286,4831,Ian Byrne
65286,4846,Colum Eastwood
65286,4864,Olivia Blake
65286,4869,Nadia Whittome
65286,5030,Dr Simon Opher
65286,5032,Tom Gordon
65286,5057,Douglas McAllister
65286,5085,Llinos Medi
65286,5102,Carla Denyer
65286,5111,Martin Wrigley
65286,5120,Shockat Adam
65286,5122,Manuela Perteghella
65286,5125,Sorcha Eastwood
65286,5142,Abtisam Mohamed
65286,5157,Susan Murray
65286,5177,Ann Davies
65286,5188,Tracy Gilbert
65286,5190,Patricia Ferguson
65286,5196,Brian Leishman
65286,5198,Chris Coghlan
65286,5200,Kenneth Stevenson
65286,5206,Elaine Stewart
65286,5214,Brian Mathew
65286,5219,Mike Martin
65286,5221,Steve Witherden
65286,5227,Jas Athwal
65286,5231,Mr Adnan Hussain
65286,5232,Lorraine Beavers
65286,5244,Chris Hinchliff
65286,5249,Dr Ellie Chowns
65286,5251,Martin Rhodes
65286,5268,Iqbal Mohamed
65286,5277,Graham Leadbitter
65286,5280,Seamus Logan
65286,5293,Cat Eccles
65286,5314,Siân Berry
65286,5315,Lee Barron
65286,5320,Adrian Ramsay
65286,5322,Mr Will Forster
65286,5327,Vikki Slade
65286,5336,Helen Maguire
65286,5345,Peter Lamb
65286,5350,Ben Maguire
65286,5357,Ayoub Khan
65286,5359,Neil Duncan-Jordan
65286,5447,Hannah Spencer
65353,227,Andrew George
65353,410,Jon Trickett
65353,4131,Jim Shannon
65353,4471,Rachael Maskell
65353,4493,Richard Burgon
65353,4602,Wera Hobhouse
65353,4634,Christine Jardine
65353,4765,Wendy Chamberlain
65353,4790,Apsana Begum
65353,4995,Sarah Dyke
65353,5040,Liz Jarvis
65353,5157,Susan Murray
65353,5196,Brian Leishman
65353,5207,Clive Jones
65353,5249,Dr Ellie Chowns
65353,5280,Seamus Logan
65353,5310,Mr Lee Dillon
65353,5322,Mr Will Forster
65353,5335,Jess Brown-Fuller
65353,5336,Helen Maguire
65353,5345,Peter Lamb
65353,5362,Mr Angus MacDonald
65383,178,John McDonnell
65383,185,Jeremy Corbyn
65383,3973,Grahame Morris
65383,410,Jon Trickett
65383,4139,Ian Lavery
65383,4394,Imran Hussain
65383,4396,Rebecca Long Bailey
65383,4471,Rachael Maskell
65383,4493,Richard Burgon
65383,4521,Liz Saville Roberts
65383,4634,Christine Jardine
65383,4753,Mary Kelly Foy
65383,4764,Bell Ribeiro-Addy
65383,4790,Apsana Begum
65383,4824,Kim Johnson
65383,4831,Ian Byrne
65383,4869,Nadia Whittome
65383,5102,Carla Denyer
65383,5196,Brian Leishman
65383,5221,Steve Witherden
65383,5249,Dr Ellie Chowns
65383,5286,Anna Sabine
65383,5314,Siân Berry
65383,5320,Adrian Ramsay
65383,5359,Neil Duncan-Jordan
65383,5447,Hannah Spencer
65406,172,Ms Diane Abbott
65406,178,John McDonnell
65406,185,Jeremy Corbyn
65406,3924,Yasmin Qureshi
65406,410,Jon Trickett
65406,4139,Ian Lavery
65406,4269,Andy McDonald
65406,4394,Imran Hussain
65406,4396,Rebecca Long Bailey
65406,4403,Chris Law
65406,4436,Cat Smith
65406,4471,Rachael Maskell
65406,4493,Richard Burgon
65406,4591,Sarah Olney
65406,4598,Mohammad Yasin
65406,4602,Wera Hobhouse
65406,4736,Dave Doogan
65406,4747,Tahir Ali
65406,4764,Bell Ribeiro-Addy
65406,4776,Munira Wilson
65406,4790,Apsana Begum
65406,4824,Kim Johnson
65406,4831,Ian Byrne
65406,4869,Nadia Whittome
65406,5090,Tom Morrison
65406,5102,Carla Denyer
65406,5120,Shockat Adam
65406,5142,Abtisam Mohamed
65406,5157,Susan Murray
65406,5196,Brian Leishman
65406,5231,Mr Adnan Hussain
65406,5249,Dr Ellie Chowns
65406,5268,Iqbal Mohamed
65406,5293,Cat Eccles
65406,5314,Siân Berry
65406,5320,Adrian Ramsay
65406,5335,Jess Brown-Fuller
65406,5345,Peter Lamb
65406,5357,Ayoub Khan
65406,5359,Neil Duncan-Jordan
65406,5362,Mr Angus MacDonald
65406,5447,Hannah Spencer
65474,185,Jeremy Corbyn
65474,227,Andrew George
65474,410,Jon Trickett
65474,4131,Jim Shannon
65474,4394,Imran Hussain
65474,4493,Richard Burgon
65474,4790,Apsana Begum
65474,4824,Kim Johnson
65474,4869,Nadia Whittome
65474,5102,Carla Denyer
65474,5120,Shockat Adam
65474,5196,Brian Leishman
65474,5231,Mr Adnan Hussain
65474,5249,Dr Ellie Chowns
65474,5268,Iqbal Mohamed
65474,5280,Seamus Logan
65474,5314,Siân Berry
65474,5320,Adrian Ramsay
65474,5357,Ayoub Khan
65474,5359,Neil Duncan-Jordan
65474,5447,Hannah Spencer
65488,345,Sir Edward Leigh
65488,4131,Jim Shannon
65488,4436,Cat Smith
65488,4471,Rachael Maskell
65488,4493,Richard Burgon
65488,5196,Brian Leishman
65491,410,Jon Trickett
65491,4493,Richard Burgon
65491,4764,Bell Ribeiro-Addy
65491,5102,Carla Denyer
65491,5120,Shockat Adam
65491,5196,Brian Leishman
65491,5249,Dr Ellie Chowns
65491,5314,Siân Berry
65491,5320,Adrian Ramsay
65491,5359,Neil Duncan-Jordan
65491,5447,Hannah Spencer
65566,185,Jeremy Corbyn
65566,227,Andrew George
65566,410,Jon Trickett
65566,4371,Brendan O'Hara
65566,4394,Imran Hussain
65566,4471,Rachael Maskell
65566,4493,Richard Burgon
65566,4500,Clive Lewis
65566,4521,Liz Saville Roberts
65566,4630,Ben Lake
65566,4736,Dave Doogan
65566,4764,Bell Ribeiro-Addy
65566,4790,Apsana Begum
65566,4824,Kim Johnson
65566,4827,Claire Hanna
65566,4831,Ian Byrne
65566,4869,Nadia Whittome
65566,5085,Llinos Medi
65566,5102,Carla Denyer
65566,5120,Shockat Adam
65566,5177,Ann Davies
65566,5221,Steve Witherden
65566,5249,Dr Ellie Chowns
65566,5268,Iqbal Mohamed
65566,5277,Graham Leadbitter
65566,5280,Seamus Logan
65566,5314,Siân Berry
65566,5320,Adrian Ramsay
65566,5357,Ayoub Khan
65566,5359,Neil Duncan-Jordan
65566,5447,Hannah Spencer
65580,172,Ms Diane Abbott
65580,178,John McDonnell
65580,185,Jeremy Corbyn
65580,227,Andrew George
65580,3973,Grahame Morris
65580,410,Jon Trickett
65580,4139,Ian Lavery
65580,4269,Andy McDonald
65580,4394,Imran Hussain
65580,4471,Rachael Maskell
65580,4493,Richard Burgon
65580,4500,Clive Lewis
65580,4521,Liz Saville Roberts
65580,4630,Ben Lake
65580,4753,Mary Kelly Foy
65580,4764,Bell Ribeiro-Addy
65580,4790,Apsana Begum
65580,4824,Kim Johnson
65580,4831,Ian Byrne
65580,4869,Nadia Whittome
65580,5030,Dr Simon Opher
65580,5085,Llinos Medi
65580,5102,Carla Denyer
65580,5120,Shockat Adam
65580,5142,Abtisam Mohamed
65580,5177,Ann Davies
65580,5196,Brian Leishman
65580,5221,Steve Witherden
65580,5231,Mr Adnan Hussain
65580,5232,Lorraine Beavers
65580,5249,Dr Ellie Chowns
65580,5268,Iqbal Mohamed
65580,5293,Cat Eccles
65580,5314,Siân Berry
65580,5320,Adrian Ramsay
65580,5345,Peter Lamb
65580,5357,Ayoub Khan
65580,5359,Neil Duncan-Jordan
65580,5447,Hannah Spencer
65614,1440,Pete Wishart
65614,172,Ms Diane Abbott
65614,178,John McDonnell
65614,185,Jeremy Corbyn
65614,227,Andrew George
65614,410,Jon Trickett
65614,4139,Ian Lavery
65614,4269,Andy McDonald
65614,4371,Brendan O'Hara
65614,4471,Rachael Maskell
65614,4493,Richard Burgon
65614,4521,Liz Saville Roberts
65614,4630,Ben Lake
65614,4736,Dave Doogan
65614,4753,Mary Kelly Foy
65614,4764,Bell Ribeiro-Addy
65614,4790,Apsana Begum
65614,4824,Kim Johnson
65614,4827,Claire Hanna
65614,4831,Ian Byrne
65614,4846,Colum Eastwood
65614,4864,Olivia Blake
65614,4869,Nadia Whittome
65614,5030,Dr Simon Opher
65614,5057,Douglas McAllister
65614,5085,Llinos Medi
65614,5102,Carla Denyer
65614,5120,Shockat Adam
65614,5142,Abtisam Mohamed
65614,5177,Ann Davies
65614,5188,Tracy Gilbert
65614,5190,Patricia Ferguson
65614,5221,Steve Witherden
65614,5232,Lorraine Beavers
65614,5244,Chris Hinchliff
65614,5249,Dr Ellie Chowns
65614,5268,Iqbal Mohamed
65614,5277,Graham Leadbitter
65614,5293,Cat Eccles
65614,5314,Siân Berry
65614,5320,Adrian Ramsay
65614,5357,Ayoub Khan
65614,5359,Neil Duncan-Jordan
65614,5447,Hannah Spencer
65741,227,Andrew George
65741,4089,Tessa Munt
65741,4521,Liz Saville Roberts
65741,4591,Sarah Olney
65741,4602,Wera Hobhouse
65741,4612,Jamie Stone
65741,4630,Ben Lake
65741,4634,Christine Jardine
65741,4656,Layla Moran
65741,4765,Wendy Chamberlain
65741,4769,Daisy Cooper
65741,4776,Munira Wilson
65741,4934,Helen Morgan
65741,4942,Richard Foord
65741,4995,Sarah Dyke
65741,5040,Liz Jarvis
65741,5066,Steve Darling
65741,5078,Pippa Heylings
65741,5085,Llinos Medi
65741,5086,Josh Babarinde
65741,5090,Tom Morrison
65741,5096,Ian Sollom
65741,5103,Luke Taylor
65741,5111,Martin Wrigley
65741,5138,Ian Roome
65741,5140,Claire Young
65741,5157,Susan Murray
65741,5177,Ann Davies
65741,5182,Charlotte Cane
65741,5191,Adam Dance
65741,5198,Chris Coghlan
65741,5201,Victoria Collins
65741,5207,Clive Jones
65741,5214,Brian Mathew
65741,5216,Caroline Voaden
65741,5249,Dr Ellie Chowns
65741,5250,Gideon Amos
65741,5263,Alex Brewer
65741,5265,James MacCleary
65741,5284,David Chadwick
65741,5288,Dr Al Pinkerton
65741,5296,Freddie van Mierlo
65741,5299,Monica Harding
65741,5304,Dr Danny Chambers
65741,5310,Mr Lee Dillon
65741,5318,Olly Glover
65741,5321,Mr Paul Kohler
65741,5326,Edward Morello
65741,5327,Vikki Slade
65741,5335,Jess Brown-Fuller
65741,5343,Mr Joshua Reynolds
65741,5346,Calum Miller
65741,5350,Ben Maguire
65741,5352,Dr Roz Savage
65741,5354,Cameron Thomas
65741,5362,Mr Angus MacDonald
65742,227,Andrew George
65742,4089,Tessa Munt
65742,4403,Chris Law
65742,4521,Liz Saville Roberts
65742,4591,Sarah Olney
65742,4602,Wera Hobhouse
65742,4612,Jamie Stone
65742,4630,Ben Lake
65742,4656,Layla Moran
65742,4765,Wendy Chamberlain
65742,4769,Daisy Cooper
65742,4776,Munira Wilson
65742,4934,Helen Morgan
65742,4942,Richard Foord
65742,4995,Sarah Dyke
65742,5032,Tom Gordon
65742,5040,Liz Jarvis
65742,5066,Steve Darling
65742,5078,Pippa Heylings
65742,5085,Llinos Medi
65742,5086,Josh Babarinde
65742,5096,Ian Sollom
65742,5111,Martin Wrigley
65742,5140,Claire Young
65742,5157,Susan Murray
65742,5177,Ann Davies
65742,5182,Charlotte Cane
65742,5191,Adam Dance
65742,5198,Chris Coghlan
65742,5201,Victoria Collins
65742,5207,Clive Jones
65742,5214,Brian Mathew
65742,5216,Caroline Voaden
65742,5249,Dr Ellie Chowns
65742,5250,Gideon Amos
65742,5263,Alex Brewer
65742,5265,James MacCleary
65742,5284,David Chadwick
65742,5288,Dr Al Pinkerton
65742,5296,Freddie van Mierlo
65742,5299,Monica Harding
65742,5304,Dr Danny Chambers
65742,5310,Mr Lee Dillon
65742,5321,Mr Paul Kohler
65742,5325,Charlie Maynard
65742,5327,Vikki Slade
65742,5335,Jess Brown-Fuller
65742,5343,Mr Joshua Reynolds
65742,5346,Calum Miller
65742,5350,Ben Maguire
65742,5352,Dr Roz Savage
65742,5362,Mr Angus MacDonald
65753,1440,Pete Wishart
65753,1442,Mr Alistair Carmichael
65753,172,Ms Diane Abbott
65753,178,John McDonnell
65753,185,Jeremy Corbyn
65753,227,Andrew George
65753,3924,Yasmin Qureshi
65753,410,Jon Trickett
65753,4269,Andy McDonald
65753,4371,Brendan O'Hara
65753,4394,Imran Hussain
65753,4403,Chris Law
65753,4436,Cat Smith
65753,4471,Rachael Maskell
65753,4500,Clive Lewis
65753,4515,Kate Osamor
65753,4521,Liz Saville Roberts
65753,4630,Ben Lake
65753,4676,Marsha De Cordova
65753,4736,Dave Doogan
65753,4753,Mary Kelly Foy
65753,4764,Bell Ribeiro-Addy
65753,4790,Apsana Begum
65753,4824,Kim Johnson
65753,4827,Claire Hanna
65753,4831,Ian Byrne
65753,4846,Colum Eastwood
65753,4869,Nadia Whittome
65753,5030,Dr Simon Opher
65753,5057,Douglas McAllister
65753,5085,Llinos Medi
65753,5102,Carla Denyer
65753,5120,Shockat Adam
65753,5142,Abtisam Mohamed
65753,5177,Ann Davies
65753,5196,Brian Leishman
65753,5221,Steve Witherden
65753,5231,Mr Adnan Hussain
65753,5249,Dr Ellie Chowns
65753,5268,Iqbal Mohamed
65753,5277,Graham Leadbitter
65753,5280,Seamus Logan
65753,5293,Cat Eccles
65753,5314,Siân Berry
65753,5320,Adrian Ramsay
65753,5357,Ayoub Khan
65753,5359,Neil Duncan-Jordan
65753,5447,Hannah Spencer
65769,227,Andrew George
65769,410,Jon Trickett
65769,4471,Rachael Maskell
65769,4602,Wera Hobhouse
65769,4612,Jamie Stone
65769,4634,Christine Jardine
65769,4656,Layla Moran
65769,4765,Wendy Chamberlain
65769,4995,Sarah Dyke
65769,5032,Tom Gordon
65769,5040,Liz Jarvis
65769,5164,Steff Aquarone
65769,5191,Adam Dance
65769,5207,Clive Jones
65769,5239,Sarah Gibson
65769,5250,Gideon Amos
65769,5299,Monica Harding
65769,5304,Dr Danny Chambers
65769,5310,Mr Lee Dillon
65769,5313,Zöe Franklin
65769,5322,Mr Will Forster
65769,5327,Vikki Slade
65769,5335,Jess Brown-Fuller
65769,5343,Mr Joshua Reynolds
65769,5350,Ben Maguire
65769,5352,Dr Roz Savage
65865,1442,Mr Alistair Carmichael
65865,227,Andrew George
65865,410,Jon Trickett
65865,4403,Chris Law
65865,4521,Liz Saville Roberts
65865,4602,Wera Hobhouse
65865,4630,Ben Lake
65865,4765,Wendy Chamberlain
65865,4769,Daisy Cooper
65865,4864,Olivia Blake
65865,4995,Sarah Dyke
65865,5040,Liz Jarvis
65865,5078,Pippa Heylings
65865,5085,Llinos Medi
65865,5086,Josh Babarinde
65865,5096,Ian Sollom
65865,5122,Manuela Perteghella
65865,5125,Sorcha Eastwood
65865,5140,Claire Young
65865,5157,Susan Murray
65865,5177,Ann Davies
65865,5182,Charlotte Cane
65865,5207,Clive Jones
65865,5214,Brian Mathew
65865,5250,Gideon Amos
65865,5252,Rachel Gilmour
65865,5265,James MacCleary
65865,5284,David Chadwick
65865,5299,Monica Harding
65865,5304,Dr Danny Chambers
65865,5318,Olly Glover
65865,5322,Mr Will Forster
65865,5326,Edward Morello
65865,5327,Vikki Slade
65865,5359,Neil Duncan-Jordan
65865,5362,Mr Angus MacDonald
65886,172,Ms Diane Abbott
65886,227,Andrew George
65886,4394,Imran Hussain
65886,4403,Chris Law
65886,4493,Richard Burgon
65886,4500,Clive Lewis
65886,4521,Liz Saville Roberts
65886,4630,Ben Lake
65886,4764,Bell Ribeiro-Addy
65886,4827,Claire Hanna
65886,4831,Ian Byrne
65886,4846,Colum Eastwood
65886,4864,Olivia Blake
65886,4869,Nadia Whittome
65886,5030,Dr Simon Opher
65886,5085,Llinos Medi
65886,5102,Carla Denyer
65886,5110,Euan Stainbank
65886,5120,Shockat Adam
65886,5177,Ann Davies
65886,5207,Clive Jones
65886,5244,Chris Hinchliff
65886,5249,Dr Ellie Chowns
65886,5277,Graham Leadbitter
65886,5293,Cat Eccles
65886,5314,Siân Berry
65886,5320,Adrian Ramsay
65886,5357,Ayoub Khan
65886,5359,Neil Duncan-Jordan
65886,5447,Hannah Spencer
65892,227,Andrew George
65892,4403,Chris Law
65892,4493,Richard Burgon
65892,4521,Liz Saville Roberts
65892,4602,Wera Hobhouse
65892,4612,Jamie Stone
65892,4630,Ben Lake
65892,4765,Wendy Chamberlain
65892,4769,Daisy Cooper
65892,4831,Ian Byrne
65892,4942,Richard Foord
65892,4995,Sarah Dyke
65892,5040,Liz Jarvis
65892,5055,Max Wilkinson
65892,5066,Steve Darling
65892,5078,Pippa Heylings
65892,5085,Llinos Medi
65892,5090,Tom Morrison
65892,5096,Ian Sollom
65892,5120,Shockat Adam
65892,5138,Ian Roome
65892,5157,Susan Murray
65892,5177,Ann Davies
65892,5182,Charlotte Cane
65892,5207,Clive Jones
65892,5219,Mike Martin
65892,5263,Alex Brewer
65892,5265,James MacCleary
65892,5296,Freddie van Mierlo
65892,5304,Dr Danny Chambers
65892,5310,Mr Lee Dillon
65892,5322,Mr Will Forster
65892,5326,Edward Morello
65892,5327,Vikki Slade
65892,5335,Jess Brown-Fuller
65892,5336,Helen Maguire
65892,5343,Mr Joshua Reynolds
65892,5346,Calum Miller
65892,5350,Ben Maguire
65892,5352,Dr Roz Savage
65892,5362,Mr Angus MacDonald
65965,1440,Pete Wishart
65965,172,Ms Diane Abbott
65965,178,John McDonnell
65965,185,Jeremy Corbyn
65965,227,Andrew George
65965,3924,Yasmin Qureshi
65965,3973,Grahame Morris
65965,410,Jon Trickett
65965,4139,Ian Lavery
65965,4269,Andy McDonald
65965,4371,Brendan O'Hara
65965,4394,Imran Hussain
65965,4396,Rebecca Long Bailey
65965,4403,Chris Law
65965,4436,Cat Smith
65965,4471,Rachael Maskell
65965,4493,Richard Burgon
65965,4500,Clive Lewis
65965,4521,Liz Saville Roberts
65965,4571,Gill Furniss
65965,4630,Ben Lake
65965,4736,Dave Doogan
65965,4753,Mary Kelly Foy
65965,4764,Bell Ribeiro-Addy
65965,4783,Kate Osborne
65965,4786,Zarah Sultana
65965,4790,Apsana Begum
65965,4824,Kim Johnson
65965,4827,Claire Hanna
65965,4831,Ian Byrne
65965,4846,Colum Eastwood
65965,4864,Olivia Blake
65965,4869,Nadia Whittome
65965,5030,Dr Simon Opher
65965,5057,Douglas McAllister
65965,5085,Llinos Medi
65965,5102,Carla Denyer
65965,5110,Euan Stainbank
65965,5120,Shockat Adam
65965,5122,Manuela Perteghella
65965,5125,Sorcha Eastwood
65965,5142,Abtisam Mohamed
65965,5177,Ann Davies
65965,5188,Tracy Gilbert
65965,5190,Patricia Ferguson
65965,5196,Brian Leishman
65965,5200,Kenneth Stevenson
65965,5221,Steve Witherden
65965,5231,Mr Adnan Hussain
65965,5232,Lorraine Beavers
65965,5244,Chris Hinchliff
65965,5249,Dr Ellie Chowns
65965,5251,Martin Rhodes
65965,5268,Iqbal Mohamed
65965,5280,Seamus Logan
65965,5293,Cat Eccles
65965,5314,Siân Berry
65965,5320,Adrian Ramsay
65965,5345,Peter Lamb
65965,5357,Ayoub Khan
65965,5359,Neil Duncan-Jordan
65965,5447,Hannah Spencer
66053,227,Andrew George
66053,410,Jon Trickett
66053,4471,Rachael Maskell
66053,4493,Richard Burgon
66053,4521,Liz Saville Roberts
66053,4602,Wera Hobhouse
66053,4612,Jamie Stone
66053,4630,Ben Lake
66053,4765,Wendy Chamberlain
66053,4776,Munira Wilson
66053,4824,Kim Johnson
66053,4995,Sarah Dyke
66053,5040,Liz Jarvis
66053,5078,Pippa Heylings
66053,5085,Llinos Medi
66053,5102,Carla Denyer
66053,5140,Claire Young
66053,5177,Ann Davies
66053,5207,Clive Jones
66053,5213,Dr Zubir Ahmed
66053,5249,Dr Ellie Chowns
66053,5288,Dr Al Pinkerton
66053,5296,Freddie van Mierlo
66053,5304,Dr Danny Chambers
66053,5310,Mr Lee Dillon
66053,5314,Siân Berry
66053,5320,Adrian Ramsay
66053,5322,Mr Will Forster
66053,5327,Vikki Slade
66053,5335,Jess Brown-Fuller
66053,5343,Mr Joshua Reynolds
66053,5350,Ben Maguire
66053,5352,Dr Roz Savage
66053,5357,Ayoub Khan
66053,5362,Mr Angus MacDonald
66053,5447,Hannah Spencer
66163,1409,Mr Gregory Campbell
66163,4005,Bob Blackman
66163,4131,Jim Shannon
66163,4634,Christine Jardine
66163,4857,Carla Lockhart
66163,5112,Luke Akehurst
66183,1440,Pete Wishart
66183,172,Ms Diane Abbott
66183,178,John McDonnell
66183,185,Jeremy Corbyn
66183,227,Andrew George
66183,3973,Grahame Morris
66183,410,Jon Trickett
66183,4269,Andy McDonald
66183,4371,Brendan O'Hara
66183,4394,Imran Hussain
66183,4403,Chris Law
66183,4436,Cat Smith
66183,4471,Rachael Maskell
66183,4493,Richard Burgon
66183,4500,Clive Lewis
66183,4521,Liz Saville Roberts
66183,4630,Ben Lake
66183,4736,Dave Doogan
66183,4747,Tahir Ali
66183,4753,Mary Kelly Foy
66183,4764,Bell Ribeiro-Addy
66183,4786,Zarah Sultana
66183,4790,Apsana Begum
66183,4824,Kim Johnson
66183,4828,Paula Barker
66183,4831,Ian Byrne
66183,4864,Olivia Blake
66183,4869,Nadia Whittome
66183,5030,Dr Simon Opher
66183,5081,Joe Morris
66183,5085,Llinos Medi
66183,5102,Carla Denyer
66183,5120,Shockat Adam
66183,5142,Abtisam Mohamed
66183,5177,Ann Davies
66183,5196,Brian Leishman
66183,5221,Steve Witherden
66183,5231,Mr Adnan Hussain
66183,5232,Lorraine Beavers
66183,5244,Chris Hinchliff
66183,5249,Dr Ellie Chowns
66183,5268,Iqbal Mohamed
66183,5277,Graham Leadbitter
66183,5293,Cat Eccles
66183,5314,Siân Berry
66183,5320,Adrian Ramsay
66183,5357,Ayoub Khan
66183,5359,Neil Duncan-Jordan
66183,5447,Hannah Spencer
66186,178,John McDonnell
66186,410,Jon Trickett
66186,4139,Ian Lavery
66186,4371,Brendan O'Hara
66186,4394,Imran Hussain
66186,4403,Chris Law
66186,4436,Cat Smith
66186,4471,Rachael Maskell
66186,4493,Richard Burgon
66186,4500,Clive Lewis
66186,4521,Liz Saville Roberts
66186,4612,Jamie Stone
66186,4630,Ben Lake
66186,4736,Dave Doogan
66186,4747,Tahir Ali
66186,4764,Bell Ribeiro-Addy
66186,4786,Zarah Sultana
66186,4790,Apsana Begum
66186,4824,Kim Johnson
66186,4828,Paula Barker
66186,4831,Ian Byrne
66186,4869,Nadia Whittome
66186,5025,Chris Webb
66186,5030,Dr Simon Opher
66186,5085,Llinos Medi
66186,5102,Carla Denyer
66186,5142,Abtisam Mohamed
66186,5177,Ann Davies
66186,5200,Kenneth Stevenson
66186,5207,Clive Jones
66186,5221,Steve Witherden
66186,5232,Lorraine Beavers
66186,5244,Chris Hinchliff
66186,5249,Dr Ellie Chowns
66186,5268,Iqbal Mohamed
66186,5277,Graham Leadbitter
66186,5293,Cat Eccles
66186,5314,Siân Berry
66186,5315,Lee Barron
66186,5320,Adrian Ramsay
66186,5357,Ayoub Khan
66186,5359,Neil Duncan-Jordan
66186,5447,Hannah Spencer
66186,55,Sir Desmond Swayne
66221,172,Ms Diane Abbott
66221,227,Andrew George
66221,4371,Brendan O'Hara
66221,4471,Rachael Maskell
66221,4493,Richard Burgon
66221,4500,Clive Lewis
66221,4521,Liz Saville Roberts
66221,4630,Ben Lake
66221,4736,Dave Doogan
66221,4764,Bell Ribeiro-Addy
66221,4790,Apsana Begum
66221,4869,Nadia Whittome
66221,5032,Tom Gordon
66221,5057,Douglas McAllister
66221,5085,Llinos Medi
66221,5102,Carla Denyer
66221,5177,Ann Davies
66221,5190,Patricia Ferguson
66221,5198,Chris Coghlan
66221,5249,Dr Ellie Chowns
66221,5268,Iqbal Mohamed
66221,5314,Siân Berry
66221,5320,Adrian Ramsay
66221,5359,Neil Duncan-Jordan
66221,5447,Hannah Spencer
66235,172,Ms Diane Abbott
66235,185,Jeremy Corbyn
66235,227,Andrew George
66235,410,Jon Trickett
66235,4403,Chris Law
66235,4471,Rachael Maskell
66235,4493,Richard Burgon
66235,4521,Liz Saville Roberts
66235,4630,Ben Lake
66235,4790,Apsana Begum
66235,4824,Kim Johnson
66235,4831,Ian Byrne
66235,5085,Llinos Medi
66235,5102,Carla Denyer
66235,5120,Shockat Adam
66235,5177,Ann Davies
66235,5221,Steve Witherden
66235,5231,Mr Adnan Hussain
66235,5249,Dr Ellie Chowns
66235,5268,Iqbal Mohamed
66235,5293,Cat Eccles
66235,5314,Siân Berry
66235,5320,Adrian Ramsay
66235,5357,Ayoub Khan
66235,5359,Neil Duncan-Jordan
66235,5447,Hannah Spencer
66235,5449,Lara Bird
66252,172,Ms Diane Abbott
66252,227,Andrew George
66252,4403,Chris Law
66252,4436,Cat Smith
66252,4471,Rachael Maskell
66252,4493,Richard Burgon
66252,4521,Liz Saville Roberts
66252,4630,Ben Lake
66252,4656,Layla Moran
66252,4736,Dave Doogan
66252,4764,Bell Ribeiro-Addy
66252,4790,Apsana Begum
66252,4824,Kim Johnson
66252,4827,Claire Hanna
66252,4869,Nadia Whittome
66252,5043,Lillian Jones
66252,5067,Tony Vaughan
66252,5085,Llinos Medi
66252,5120,Shockat Adam
66252,5142,Abtisam Mohamed
66252,5177,Ann Davies
66252,5188,Tracy Gilbert
66252,5190,Patricia Ferguson
66252,5213,Dr Zubir Ahmed
66252,5221,Steve Witherden
66252,5227,Jas Athwal
66252,5249,Dr Ellie Chowns
66252,5268,Iqbal Mohamed
66252,5320,Adrian Ramsay
66252,5345,Peter Lamb
66252,5359,Neil Duncan-Jordan
66252,5447,Hannah Spencer
66364,185,Jeremy Corbyn
66364,227,Andrew George
66364,4403,Chris Law
66364,4765,Wendy Chamberlain
66364,4790,Apsana Begum
66364,5030,Dr Simon Opher
66364,5102,Carla Denyer
66364,5120,Shockat Adam
66364,5188,Tracy Gilbert
66364,5190,Patricia Ferguson
66364,5196,Brian Leishman
66364,5213,Dr Zubir Ahmed
66364,5249,Dr Ellie Chowns
66364,5250,Gideon Amos
66364,5268,Iqbal Mohamed
66364,5314,Siân Berry
66364,5320,Adrian Ramsay
66364,5357,Ayoub Khan
66364,5447,Hannah Spencer
66371,1442,Mr Alistair Carmichael
66371,185,Jeremy Corbyn
66371,227,Andrew George
66371,4403,Chris Law
66371,4591,Sarah Olney
66371,4602,Wera Hobhouse
66371,4612,Jamie Stone
66371,4634,Christine Jardine
66371,4656,Layla Moran
66371,4765,Wendy Chamberlain
66371,4769,Daisy Cooper
66371,4776,Munira Wilson
66371,4918,Sarah Green
66371,4934,Helen Morgan
66371,4942,Richard Foord
66371,4995,Sarah Dyke
66371,5032,Tom Gordon
66371,5055,Max Wilkinson
66371,5066,Steve Darling
66371,5070,Lisa Smart
66371,5078,Pippa Heylings
66371,5090,Tom Morrison
66371,5096,Ian Sollom
66371,5111,Martin Wrigley
66371,5120,Shockat Adam
66371,5122,Manuela Perteghella
66371,5138,Ian Roome
66371,5140,Claire Young
66371,5157,Susan Murray
66371,5164,Steff Aquarone
66371,5182,Charlotte Cane
66371,5191,Adam Dance
66371,5198,Chris Coghlan
66371,5207,Clive Jones
66371,5214,Brian Mathew
66371,5216,Caroline Voaden
66371,5219,Mike Martin
66371,5239,Sarah Gibson
66371,5250,Gideon Amos
66371,5263,Alex Brewer
66371,5265,James MacCleary
66371,5268,Iqbal Mohamed
66371,5284,David Chadwick
66371,5286,Anna Sabine
66371,5288,Dr Al Pinkerton
66371,5296,Freddie van Mierlo
66371,5299,Monica Harding
66371,5304,Dr Danny Chambers
66371,5310,Mr Lee Dillon
66371,5313,Zöe Franklin
66371,5318,Olly Glover
66371,5321,Mr Paul Kohler
66371,5322,Mr Will Forster
66371,5325,Charlie Maynard
66371,5326,Edward Morello
66371,5327,Vikki Slade
66371,5329,John Milne
66371,5335,Jess Brown-Fuller
66371,5336,Helen Maguire
66371,5343,Mr Joshua Reynolds
66371,5346,Calum Miller
66371,5352,Dr Roz Savage
66371,5357,Ayoub Khan
66371,5362,Mr Angus MacDonald
66384,227,Andrew George
66384,4269,Andy McDonald
66384,4403,Chris Law
66384,5102,Carla Denyer
66384,5120,Shockat Adam
66384,5249,Dr Ellie Chowns
66384,5268,Iqbal Mohamed
66384,5280,Seamus Logan
66384,5314,Siân Berry
66384,5320,Adrian Ramsay
66384,5359,Neil Duncan-Jordan
66384,5447,Hannah Spencer
66469,4602,Wera Hobhouse
66469,4630,Ben Lake
66469,4634,Christine Jardine
66469,4765,Wendy Chamberlain
66469,5040,Liz Jarvis
66469,5122,Manuela Perteghella
66469,5147,Luke Myer
66469,5207,Clive Jones
66469,5249,Dr Ellie Chowns
66469,5310,Mr Lee Dillon
66469,5322,Mr Will Forster
66469,5327,Vikki Slade
66469,5352,Dr Roz Savage
66469,5357,Ayoub Khan
66489,1409,Mr Gregory Campbell
66489,4131,Jim Shannon
66489,5262,Alex Easton
66489,5319,Robin Swann
66489,5356,Jim Allister
66503,4131,Jim Shannon
66503,4857,Carla Lockhart
66503,5356,Jim Allister
66565,178,John McDonnell
66565,185,Jeremy Corbyn
66565,410,Jon Trickett
66565,4131,Jim Shannon
66565,4493,Richard Burgon
66565,4764,Bell Ribeiro-Addy
66565,4786,Zarah Sultana
66565,4790,Apsana Begum
66565,4831,Ian Byrne
66565,5357,Ayoub Khan
